date,symbol,shares,close
2020-01-17,TQQQ,2107,11.876810073852539
2020-01-27,TQQQ,2260,11.023200035095215
2020-01-28,TQQQ,2260,11.535601615905762
2020-01-29,TQQQ,2260,11.577213287353516
2020-01-30,TQQQ,2260,11.707989692687988
2020-01-31,TQQQ,2260,11.132575035095215
2020-02-03,TQQQ,2260,11.643792152404785
2020-02-04,TQQQ,2260,12.439143180847168
2020-02-05,TQQQ,2260,12.582996368408203
2020-02-06,TQQQ,2260,12.889724731445312
2020-02-07,TQQQ,2260,12.723284721374512
2020-02-10,TQQQ,2260,13.1821870803833
2020-02-11,UVXY,1,28625.0
2020-02-12,TQQQ,2248,13.578080177307129
2020-02-13,TQQQ,2248,13.525772094726562
2020-02-14,TQQQ,2248,13.617315292358398
2020-02-18,UVXY,1,27400.0
2020-02-19,UVXY,1,26800.0
2020-02-20,UVXY,1,28175.0
2020-02-21,TQQQ,2406,12.856436729431152
2020-02-24,TQQQ,2406,11.375103950500488
2020-02-25,TQQQ,2406,10.45492172241211
2020-02-26,TQQQ,2406,10.598773002624512
2020-02-27,TQQQ,2406,9.014008522033691
2020-02-28,TQQQ,2406,9.154295921325684
2020-03-02,TQQQ,2406,10.40379810333252
2020-03-03,TQQQ,2406,9.42417049407959
2020-03-04,TQQQ,2406,10.567862510681152
2020-03-05,TQQQ,2406,9.640543937683105
2020-03-06,TQQQ,2406,9.135273933410645
2020-03-09,TQQQ,2406,7.279448986053467
2020-03-10,TQQQ,2406,8.412442207336426
2020-03-11,TQQQ,2406,7.330570697784424
2020-03-12,TQQQ,2406,5.3213791847229
2020-03-13,TQQQ,2406,6.757535457611084
2020-03-16,TQQQ,2406,4.428539276123047
2020-03-17,TQQQ,2406,5.150183200836182
2020-03-18,TQQQ,2406,4.673447132110596
2020-03-19,TQQQ,2406,4.781634330749512
2020-03-20,TQQQ,2406,4.221675872802734
2020-03-23,TQQQ,2406,4.2347540855407715
2020-03-24,TQQQ,2406,5.178717136383057
2020-03-25,TQQQ,2406,5.058640480041504
2020-03-26,TQQQ,2406,5.8825273513793945
2020-03-27,TQQQ,2406,5.271448135375977
2020-03-30,TQQQ,2406,5.825460910797119
2020-03-31,TQQQ,2406,5.663774490356445
2020-04-01,TQQQ,2406,4.961153030395508
2020-04-02,TQQQ,2406,5.2548041343688965
2020-04-03,TQQQ,2406,5.043184757232666
2020-04-06,TQQQ,2406,6.098901271820068
2020-04-07,TQQQ,2406,6.087012767791748
2020-04-08,TQQQ,2406,6.475773334503174
2020-04-09,TQQQ,2406,6.499549865722656
2020-04-13,TQQQ,2406,6.725435733795166
2020-04-14,TQQQ,2406,7.5980658531188965
2020-04-15,TQQQ,2406,7.346026420593262
2020-04-16,TQQQ,2406,7.739542484283447
2020-04-22,TQQQ,2664,7.431623935699463
2020-04-23,TQQQ,2664,7.382879734039307
2020-04-24,TQQQ,2664,7.739542484283447
2020-04-27,TQQQ,2664,7.890527725219727
2020-04-28,TQQQ,2664,7.463723659515381
2020-04-29,TQQQ,2664,8.240056037902832
2020-04-30,TQQQ,2664,8.2947416305542
2020-05-01,TQQQ,2664,7.550510883331299
2020-05-04,TQQQ,2664,7.816819190979004
2020-05-05,TQQQ,2664,8.06648063659668
2020-05-06,TQQQ,2664,8.225789070129395
2020-05-07,TQQQ,2664,8.546783447265625
2020-05-08,TQQQ,2664,8.891558647155762
2020-05-11,TQQQ,2664,9.112686157226562
2020-05-12,TQQQ,2664,8.570562362670898
2020-05-13,TQQQ,2664,8.246001243591309
2020-05-14,TQQQ,2664,8.519439697265625
2020-05-15,TQQQ,2664,8.665672302246094
2020-05-18,TQQQ,2664,9.167372703552246
2020-05-19,TQQQ,2664,9.097230911254883
2020-05-20,TQQQ,2664,9.629844665527344
2020-05-21,TQQQ,2664,9.333816528320312
2020-05-22,TQQQ,2664,9.418225288391113
2020-05-26,TQQQ,2664,9.378994941711426
2020-05-27,TQQQ,2664,9.510956764221191
2020-05-28,TQQQ,2664,9.450325965881348
2020-05-29,TQQQ,2664,9.8402738571167
2020-06-03,TQQQ,2534,10.297990798950195
2020-06-05,TQQQ,2541,10.686749458312988
2020-06-12,TQQQ,2575,10.081616401672363
2020-06-15,TQQQ,2575,10.437088012695312
2020-06-16,TQQQ,2575,10.98872184753418
2020-06-17,TQQQ,2575,11.095721244812012
2020-06-18,TQQQ,2575,11.181321144104004
2020-06-19,TQQQ,2575,11.165864944458008
2020-06-22,TQQQ,2575,11.562947273254395
2020-06-23,TQQQ,2575,11.864920616149902
2020-06-24,TQQQ,2575,11.165864944458008
2020-06-25,TQQQ,2575,11.461894035339355
2020-06-26,TQQQ,2575,10.638007164001465
2020-06-29,TQQQ,2575,10.978018760681152
2020-06-30,TQQQ,2575,11.60931396484375
2020-07-01,TQQQ,2575,12.024229049682617
2020-07-02,TQQQ,2575,12.279834747314453
2020-07-06,TQQQ,2575,13.1821870803833
2020-07-07,TQQQ,2575,12.923013687133789
2020-07-08,TQQQ,2575,13.419961929321289
2020-07-09,TQQQ,2575,13.75522232055664
2020-07-10,TQQQ,2575,14.046494483947754
2020-07-13,TQQQ,2575,13.178619384765625
2020-07-14,TQQQ,2575,13.458005905151367
2020-07-15,TQQQ,2575,13.524581909179688
2020-07-16,TQQQ,2575,13.234496116638184
2020-07-17,TQQQ,2575,13.296319961547852
2020-07-20,TQQQ,2575,14.428123474121094
2020-07-21,TQQQ,2575,13.966841697692871
2020-07-22,TQQQ,2575,14.12852668762207
2020-07-23,TQQQ,2575,13.021690368652344
2020-07-24,TQQQ,2575,12.636496543884277
2020-07-27,TQQQ,2575,13.315340042114258
2020-07-28,TQQQ,2575,12.814827919006348
2020-07-29,TQQQ,2575,13.251141548156738
2020-07-30,TQQQ,2575,13.466325759887695
2020-07-31,TQQQ,2575,14.192726135253906
2020-08-03,TQQQ,2575,14.721774101257324
2020-08-04,TQQQ,2575,14.91318130493164
2020-08-05,TQQQ,2575,15.032068252563477
2020-08-06,TQQQ,2575,15.607481956481934
2020-08-10,TQQQ,2641,14.894160270690918
2020-08-11,TQQQ,2641,14.048872947692871
2020-08-12,TQQQ,2641,15.099833488464355
2020-08-13,TQQQ,2641,15.205643653869629
2020-08-14,TQQQ,2641,15.161653518676758
2020-08-17,TQQQ,2641,15.6621675491333
2020-08-18,TQQQ,2641,16.122264862060547
2020-08-19,TQQQ,2641,15.807209968566895
2020-08-20,TQQQ,2641,16.457521438598633
2020-08-21,TQQQ,2641,16.801105499267578
2020-08-24,TQQQ,2641,17.11258888244629
2020-08-25,TQQQ,2641,17.512048721313477
2020-09-04,TQQQ,2709,16.83915138244629
2020-09-08,TQQQ,2709,14.459033012390137
2020-09-09,TQQQ,2709,15.70140266418457
2020-09-10,TQQQ,2709,14.793103218078613
2020-09-11,TQQQ,2709,14.469733238220215
2020-09-14,TQQQ,2709,15.215153694152832
2020-09-15,TQQQ,2709,15.86190128326416
2020-09-16,TQQQ,2709,15.099833488464355
2020-09-17,TQQQ,2709,14.40434455871582
2020-09-18,TQQQ,2709,13.847952842712402
2020-09-21,TQQQ,2709,14.012017250061035
2020-09-22,TQQQ,2709,14.777652740478516
2020-09-23,TQQQ,2709,13.409260749816895
2020-09-24,TQQQ,2709,13.605422973632812
2020-09-25,TQQQ,2709,14.558897972106934
2020-09-28,TQQQ,2709,15.422018051147461
2020-09-29,TQQQ,2709,15.260331153869629
2020-09-30,TQQQ,2709,15.562304496765137
2020-10-01,TQQQ,2709,16.291080474853516
2020-10-02,TQQQ,2709,14.94765853881836
2020-10-05,TQQQ,2709,15.890432357788086
2020-10-06,TQQQ,2709,15.036825180053711
2020-10-07,TQQQ,2709,15.827421188354492
2020-10-08,TQQQ,2709,16.060440063476562
2020-10-09,TQQQ,2709,16.77495002746582
2020-10-12,TQQQ,2709,18.339502334594727
2020-10-13,TQQQ,2709,18.341880798339844
2020-10-14,TQQQ,2709,17.888925552368164
2020-10-15,TQQQ,2709,17.519180297851562
2020-10-16,TQQQ,2709,17.250505447387695
2020-10-19,TQQQ,2709,16.393320083618164
2020-10-20,TQQQ,2709,16.499135971069336
2020-10-21,TQQQ,2709,16.456335067749023
2020-10-22,TQQQ,2709,16.46466064453125
2020-10-23,TQQQ,2709,16.560951232910156
2020-10-26,TQQQ,2709,15.806020736694336
2020-10-27,TQQQ,2709,16.1793270111084
2020-10-28,TQQQ,2709,14.280702590942383
2020-10-29,TQQQ,2709,15.007102966308594
2020-10-30,TQQQ,2709,13.963275909423828
2020-11-02,TQQQ,2709,13.968029975891113
2020-11-03,TQQQ,2709,14.67065143585205
2020-11-04,TQQQ,2709,16.653688430786133
2020-11-05,TQQQ,2709,17.938852310180664
2020-11-06,TQQQ,2709,17.99948501586914
2020-11-09,TQQQ,2709,16.900968551635742
2020-11-10,TQQQ,2709,15.98910903930664
2020-11-11,TQQQ,2709,17.0638484954834
2020-11-12,TQQQ,2709,16.814184188842773
2020-11-13,TQQQ,2709,17.25525665283203
2020-11-16,TQQQ,2709,17.652334213256836
2020-11-17,TQQQ,2709,17.489463806152344
2020-11-18,TQQQ,2709,17.084054946899414
2020-11-19,TQQQ,2709,17.50729751586914
2020-11-20,TQQQ,2709,17.151824951171875
2020-11-23,TQQQ,2709,17.155391693115234
2020-11-24,TQQQ,2709,17.85682487487793
2020-11-25,TQQQ,2709,18.19327163696289
2020-11-27,TQQQ,2709,18.690217971801758
2020-11-30,TQQQ,2709,18.786518096923828
2020-12-01,TQQQ,2709,19.524805068969727
2020-12-02,TQQQ,2709,19.603271484375
2020-12-03,UVXY,1,28375.0
2020-12-04,UVXY,1,27650.0
2020-12-07,UVXY,1,27800.0
2020-12-08,UVXY,1,26425.0
2020-12-09,UVXY,1,27850.0
2020-12-10,TQQQ,2884,19.31199836730957
2020-12-11,TQQQ,2884,19.17646598815918
2020-12-14,TQQQ,2884,19.58544158935547
2020-12-15,TQQQ,2884,20.194141387939453
2020-12-16,TQQQ,2884,20.53296661376953
2020-12-17,TQQQ,2884,20.953826904296875
2020-12-18,TQQQ,2884,20.725566864013672
2020-12-21,TQQQ,2884,20.648290634155273
2020-12-22,TQQQ,2884,20.81116485595703
2020-12-23,TQQQ,2884,20.497304916381836
2020-12-24,TQQQ,2884,20.763608932495117
2020-12-28,TQQQ,2884,21.386577606201172
2020-12-29,UVXY,2,28200.0
2020-12-30,UVXY,2,26750.0
2020-12-31,TQQQ,2954,21.6136531829834
2021-01-04,TQQQ,2954,20.668502807617188
2021-01-05,TQQQ,2954,21.186845779418945
2021-01-06,TQQQ,2954,20.310649871826172
2021-01-07,TQQQ,2954,21.777713775634766
2021-01-08,TQQQ,2954,22.621814727783203
2021-01-11,TQQQ,2954,21.621971130371094
2021-01-12,TQQQ,2954,21.52805519104004
2021-01-13,TQQQ,2954,21.946535110473633
2021-01-14,TQQQ,2954,21.612462997436523
2021-01-15,TQQQ,2954,21.08698272705078
2021-01-19,TQQQ,2954,22.001224517822266
2021-01-20,TQQQ,2954,23.534866333007812
2021-01-21,TQQQ,2954,24.11978530883789
2021-01-22,TQQQ,2954,23.90104103088379
2021-01-25,TQQQ,2954,24.564424514770508
2021-01-26,TQQQ,2954,24.590578079223633
2021-01-27,TQQQ,2954,22.607545852661133
2021-01-28,TQQQ,2954,22.940431594848633
2021-01-29,TQQQ,2954,21.511409759521484
2021-02-01,TQQQ,2954,23.092609405517578
2021-02-02,TQQQ,2954,24.21014404296875
2021-02-03,TQQQ,2954,23.931949615478516
2021-02-04,TQQQ,2954,24.778417587280273
2021-02-05,TQQQ,2954,25.037599563598633
2021-02-08,TQQQ,2954,25.527408599853516
2021-02-09,TQQQ,2954,25.515520095825195
2021-02-10,TQQQ,2954,25.33481788635254
2021-02-11,TQQQ,2954,25.743785858154297
2021-02-12,TQQQ,2954,26.181289672851562
2021-02-16,UVXY,3,23900.0
2021-02-17,UVXY,3,23100.0
2021-02-18,TQQQ,3202,25.256345748901367
2021-02-19,TQQQ,3202,24.923460006713867
2021-02-22,TQQQ,3202,22.992738723754883
2021-02-23,TQQQ,3202,22.78825569152832
2021-02-24,TQQQ,3202,23.337509155273438
2021-02-25,TQQQ,3202,20.90032958984375
2021-02-26,TQQQ,3202,21.214191436767578
2021-03-01,TQQQ,3202,23.06407356262207
2021-03-02,TQQQ,3202,21.95842170715332
2021-03-03,TQQQ,3202,20.053852081298828
2021-03-04,TQQQ,3202,19.06233787536621
2021-03-05,TQQQ,3202,19.915943145751953
2021-03-08,TQQQ,3202,18.213481903076172
2021-03-09,TQQQ,3202,20.35820770263672
2021-03-10,TQQQ,3202,20.184627532958984
2021-03-11,TQQQ,3202,21.585121154785156
2021-03-12,TQQQ,3202,21.047748565673828
2021-03-15,TQQQ,3202,21.72064781188965
2021-03-16,TQQQ,3202,22.07731056213379
2021-03-17,TQQQ,3202,22.35550308227539
2021-03-18,TQQQ,3202,20.303516387939453
2021-03-19,TQQQ,3202,20.56268882751465
2021-03-22,TQQQ,3202,21.658828735351562
2021-03-23,TQQQ,3202,21.375877380371094
2021-03-24,TQQQ,3202,20.296382904052734
2021-03-25,TQQQ,3202,20.187007904052734
2021-03-26,TQQQ,3202,21.07866096496582
2021-03-29,TQQQ,3202,21.066770553588867
2021-03-30,TQQQ,3202,20.767173767089844
2021-03-31,TQQQ,3202,21.699251174926758
2021-04-01,TQQQ,3202,22.802518844604492
2021-04-05,TQQQ,3202,24.17209815979004
2021-04-06,TQQQ,3202,24.11503028869629
2021-04-07,TQQQ,3202,24.293363571166992
2021-04-08,TQQQ,3202,25.051862716674805
2021-04-09,TQQQ,1,25.506006240844727
2021-04-09,UVXY,6,12125.0
2021-04-12,UVXY,6,11925.0
2021-04-13,UVXY,6,11725.0
2021-04-14,UVXY,6,12100.0
2021-04-15,UVXY,6,11525.0
2021-04-16,UVXY,6,11200.0
2021-04-19,UVXY,6,11850.0
2021-04-20,TQQQ,3022,25.29439353942871
2021-04-21,TQQQ,3022,25.934005737304688
2021-04-22,TQQQ,3022,24.990039825439453
2021-04-23,TQQQ,3022,25.931625366210938
2021-04-26,TQQQ,3022,26.445220947265625
2021-04-27,TQQQ,3022,26.098068237304688
2021-04-28,TQQQ,3022,25.829383850097656
2021-04-29,TQQQ,3022,26.08855628967285
2021-04-30,TQQQ,3022,25.598743438720703
2021-05-03,TQQQ,3022,25.180259704589844
2021-05-04,TQQQ,3022,23.85348129272461
2021-05-05,TQQQ,3022,23.575288772583008
2021-05-06,TQQQ,3022,24.091251373291016
2021-05-07,TQQQ,3022,24.680932998657227
2021-05-10,TQQQ,3022,22.826295852661133
2021-05-11,TQQQ,3022,22.71216583251953
2021-05-12,TQQQ,3022,20.983545303344727
2021-05-13,TQQQ,3022,21.42580795288086
2021-05-14,TQQQ,3022,22.819164276123047
2021-05-17,TQQQ,3022,22.433969497680664
2021-05-18,TQQQ,3022,21.963178634643555
2021-05-19,TQQQ,3022,22.044023513793945
2021-05-20,TQQQ,3022,23.318492889404297
2021-05-21,TQQQ,3022,22.933298110961914
2021-05-24,TQQQ,3022,24.081741333007812
2021-05-25,TQQQ,3022,24.19825553894043
2021-05-26,TQQQ,3022,24.443159103393555
2021-05-27,UVXY,7,8817.5
2021-05-28,TQQQ,2817,24.39322853088379
2021-06-01,TQQQ,2817,24.155454635620117
2021-06-02,TQQQ,2817,24.281476974487305
2021-06-03,TQQQ,2817,23.518217086791992
2021-06-04,TQQQ,2817,24.723731994628906
2021-06-07,TQQQ,2817,24.942487716674805
2021-06-08,TQQQ,2817,24.971019744873047
2021-06-09,TQQQ,2817,24.999555587768555
2021-06-10,TQQQ,2817,25.76518440246582
2021-06-11,TQQQ,2817,25.96967124938965
2021-06-14,TQQQ,2817,26.697254180908203
2021-06-15,TQQQ,2817,26.20268440246582
2021-06-16,TQQQ,2817,25.922115325927734
2021-06-17,TQQQ,2817,26.889856338500977
2021-06-18,UVXY,8,8972.5
2021-06-21,TQQQ,2843,26.728172302246094
2021-06-22,TQQQ,2843,27.474777221679688
2021-06-23,TQQQ,2843,27.52233123779297
2021-06-24,TQQQ,2843,28.028791427612305
2021-06-25,TQQQ,2843,27.940814971923828
2021-06-28,TQQQ,2843,28.929954528808594
2021-06-29,TQQQ,2843,29.255704879760742
2021-06-30,UVXY,11,6995.0
2021-07-01,UVXY,11,6820.0
2021-07-02,TQQQ,2578,30.13071060180664
2021-07-06,UVXY,11,7010.0
2021-07-07,UVXY,11,7040.0
2021-07-08,UVXY,11,7722.5
2021-07-09,UVXY,11,6990.0
2021-07-12,UVXY,11,6890.0
2021-07-13,UVXY,11,7007.5
2021-07-14,UVXY,11,6767.5
2021-07-15,UVXY,11,6922.5
2021-07-16,TQQQ,2531,29.847761154174805
2021-07-19,TQQQ,2531,29.132064819335938
2021-07-20,TQQQ,2531,30.092670440673828
2021-07-21,TQQQ,2531,30.77983856201172
2021-07-22,TQQQ,2531,31.426586151123047
2021-07-23,TQQQ,2531,32.47040939331055
2021-07-26,TQQQ,2531,32.6059455871582
2021-07-27,TQQQ,2531,31.54071807861328
2021-07-28,TQQQ,2531,31.885486602783203
2021-07-29,TQQQ,2531,32.04241943359375
2021-07-30,TQQQ,2531,31.562110900878906
2021-08-02,TQQQ,2531,31.552600860595703
2021-08-03,TQQQ,2531,32.10186004638672
2021-08-04,TQQQ,2531,32.26116180419922
2021-08-05,TQQQ,2531,32.86749267578125
2021-08-06,TQQQ,2531,32.43949508666992
2021-08-09,TQQQ,2531,32.61307907104492
2021-08-10,TQQQ,2531,32.12562942504883
2021-08-11,TQQQ,2531,31.952056884765625
2021-08-12,TQQQ,2531,32.28493881225586
2021-08-13,TQQQ,2531,32.60831832885742
2021-08-16,TQQQ,2531,32.66538619995117
2021-08-17,TQQQ,2531,31.807024002075195
2021-08-18,TQQQ,2531,30.882080078125
2021-08-19,TQQQ,2531,31.321962356567383
2021-08-20,TQQQ,2531,32.28970718383789
2021-08-23,TQQQ,2531,33.72822952270508
2021-08-24,TQQQ,2531,34.061119079589844
2021-08-25,TQQQ,2531,34.09914779663086
2021-08-26,TQQQ,2531,33.52136993408203
2021-08-27,TQQQ,2531,34.50101089477539
2021-08-30,TQQQ,2531,35.644691467285156
2021-08-31,TQQQ,2531,35.54483413696289
2021-09-01,TQQQ,2531,35.73979949951172
2021-09-02,UVXY,17,5232.5
2021-09-03,UVXY,17,5310.0
2021-09-07,UVXY,17,5467.5
2021-09-08,UVXY,17,5470.0
2021-09-09,TQQQ,2726,35.404537200927734
2021-09-10,TQQQ,2726,34.608001708984375
2021-09-13,TQQQ,2726,34.52953338623047
2021-09-14,TQQQ,2726,34.2323112487793
2021-09-15,TQQQ,2727,34.990814208984375
2021-09-16,TQQQ,2727,35.05976867675781
2021-09-17,TQQQ,2727,33.820960998535156
2021-09-20,TQQQ,2727,31.74044418334961
2021-09-21,TQQQ,2727,31.780864715576172
2021-09-22,TQQQ,2727,32.71056365966797
2021-09-23,TQQQ,2727,33.61885452270508
2021-09-24,TQQQ,2727,33.71397018432617
2021-09-27,TQQQ,2727,32.90077590942383
2021-09-28,TQQQ,2727,30.156869888305664
2021-09-29,TQQQ,2727,29.957136154174805
2021-09-30,TQQQ,2727,29.619497299194336
2021-10-01,TQQQ,2727,30.159242630004883
2021-10-04,TQQQ,2727,28.304607391357422
2021-10-05,TQQQ,2727,29.393613815307617
2021-10-06,TQQQ,2727,29.973783493041992
2021-10-07,TQQQ,2727,30.78459358215332
2021-10-08,TQQQ,2727,30.311418533325195
2021-10-11,TQQQ,2727,29.638521194458008
2021-10-12,TQQQ,2727,29.336544036865234
2021-10-13,TQQQ,2727,30.023714065551758
2021-10-14,TQQQ,2727,31.680999755859375
2021-10-15,TQQQ,2727,32.26829528808594
2021-10-18,TQQQ,2727,33.23603820800781
2021-10-19,UVXY,20,4342.5
2021-10-20,UVXY,20,4277.5
2021-10-21,TQQQ,2695,34.46532440185547
2021-10-22,TQQQ,2695,33.59270095825195
2021-10-25,TQQQ,2695,34.600868225097656
2021-10-26,UVXY,24,4122.5
2021-10-27,UVXY,24,4267.5
2021-10-28,UVXY,24,4075.0
2021-10-29,UVXY,24,4110.0
2021-11-01,UVXY,24,4032.5
2021-11-02,UVXY,24,3875.0
2021-11-03,UVXY,24,3657.5
2021-11-04,UVXY,24,3735.0
2021-11-05,UVXY,24,3937.5
2021-11-08,UVXY,24,3942.5
2021-11-09,UVXY,24,4047.5
2021-11-10,UVXY,24,4155.0
2021-11-11,TQQQ,2499,38.12942886352539
2021-11-12,TQQQ,2499,39.339698791503906
2021-11-15,TQQQ,2499,39.327796936035156
2021-11-16,TQQQ,2499,40.140995025634766
2021-11-17,TQQQ,2499,40.18855667114258
2021-11-18,TQQQ,2499,41.4178352355957
2021-11-19,TQQQ,2499,42.11927795410156
2021-11-22,TQQQ,2499,40.65935134887695
2021-11-23,TQQQ,2499,40.105323791503906
2021-11-24,TQQQ,2499,40.47624588012695
2021-11-26,TQQQ,2499,38.243553161621094
2021-11-29,TQQQ,2499,40.61891555786133
2021-11-30,TQQQ,2499,38.873661041259766
2021-12-01,TQQQ,2499,36.87873840332031
2021-12-02,TQQQ,2499,37.573036193847656
2021-12-03,TQQQ,2499,35.68511962890625
2021-12-06,TQQQ,2499,36.51970291137695
2021-12-07,TQQQ,2499,39.81287384033203
2021-12-08,TQQQ,2499,40.366878509521484
2021-12-09,TQQQ,2499,38.62399673461914
2021-12-10,TQQQ,2499,39.820003509521484
2021-12-13,TQQQ,2499,38.108036041259766
2021-12-14,TQQQ,2499,36.97384262084961
2021-12-15,TQQQ,2499,39.420536041259766
2021-12-16,TQQQ,2499,36.41270065307617
2021-12-17,TQQQ,2499,35.85630798339844
2021-12-20,TQQQ,2499,34.78395080566406
2021-12-21,TQQQ,2499,37.10939025878906
2021-12-22,TQQQ,2499,38.43377685546875
2021-12-23,TQQQ,2499,39.346832275390625
2021-12-27,TQQQ,2499,41.227622985839844
2021-12-28,TQQQ,2499,40.7425651550293
2021-12-29,TQQQ,2499,40.67835998535156
2021-12-30,TQQQ,2499,40.29793167114258
2021-12-31,TQQQ,2499,39.5489387512207
2022-01-03,TQQQ,2499,40.69025802612305
2022-01-04,TQQQ,2499,39.10905456542969
2022-01-05,TQQQ,2499,35.51154327392578
2022-01-06,TQQQ,2499,35.41404724121094
2022-01-07,TQQQ,2499,34.2560920715332
2022-01-10,TQQQ,2499,34.38210678100586
2022-01-11,TQQQ,2499,35.89435577392578
2022-01-12,TQQQ,2499,36.30332565307617
2022-01-13,TQQQ,2499,33.66879653930664
2022-01-14,TQQQ,2499,34.17762756347656
2022-01-18,TQQQ,2499,31.71429443359375
2022-01-19,TQQQ,2499,30.611019134521484
2022-01-20,TQQQ,2499,29.426902770996094
2022-01-21,TQQQ,2499,26.949296951293945
2022-01-24,TQQQ,2499,27.339250564575195
2022-01-25,TQQQ,2499,25.322921752929688
2022-01-26,TQQQ,2499,25.275371551513672
2022-01-27,TQQQ,2499,24.519250869750977
2022-01-28,TQQQ,2499,26.806629180908203
2022-01-31,TQQQ,2499,29.403125762939453
2022-02-01,TQQQ,2499,29.964269638061523
2022-02-02,TQQQ,2499,30.67284393310547
2022-02-03,TQQQ,2499,26.982589721679688
2022-02-04,TQQQ,2499,27.91465950012207
2022-02-07,TQQQ,2499,27.282180786132812
2022-02-08,TQQQ,2499,28.209501266479492
2022-02-09,TQQQ,2499,29.959518432617188
2022-02-10,TQQQ,2499,27.97172737121582
2022-02-11,TQQQ,2499,25.337186813354492
2022-02-14,TQQQ,2499,25.408523559570312
2022-02-15,TQQQ,2499,27.248891830444336
2022-02-16,TQQQ,2499,27.244136810302734
2022-02-17,TQQQ,2499,24.82835578918457
2022-02-18,TQQQ,2499,23.986635208129883
2022-02-22,TQQQ,2499,23.244779586791992
2022-02-23,TQQQ,2499,21.466230392456055
2022-02-24,TQQQ,2499,23.568157196044922
2022-02-25,TQQQ,2499,24.685693740844727
2022-02-28,TQQQ,2499,24.947242736816406
2022-03-01,TQQQ,2499,23.796419143676758
2022-03-02,TQQQ,2499,24.93297576904297
2022-03-03,TQQQ,2499,23.89152717590332
2022-03-04,TQQQ,2499,22.869098663330078
2022-03-07,TQQQ,2499,20.31540298461914
2022-03-08,TQQQ,2499,20.034832000732422
2022-03-09,TQQQ,2499,22.17955207824707
2022-03-10,TQQQ,2499,21.466230392456055
2022-03-11,TQQQ,2499,20.13469886779785
2022-03-14,TQQQ,2499,18.955339431762695
2022-03-15,TQQQ,2499,20.710105895996094
2022-03-16,TQQQ,2499,23.035537719726562
2022-03-17,TQQQ,2499,23.805927276611328
2022-03-18,TQQQ,2499,25.284879684448242
2022-03-21,TQQQ,2499,25.104171752929688
2022-03-22,TQQQ,2499,26.5878849029541
2022-03-23,TQQQ,2499,25.465585708618164
2022-03-24,TQQQ,2499,27.115739822387695
2022-03-25,TQQQ,2499,27.072938919067383
2022-03-28,TQQQ,2499,28.304607391357422
2022-03-29,UVXY,23,3082.5
2022-03-30,UVXY,23,3137.5
2022-03-31,TQQQ,2521,27.667377471923828
2022-04-01,TQQQ,2521,27.548490524291992
2022-04-04,TQQQ,2521,29.26997184753418
2022-04-05,TQQQ,2521,27.33449363708496
2022-04-06,TQQQ,2521,25.536914825439453
2022-04-07,TQQQ,2521,25.7033634185791
2022-04-08,TQQQ,2521,24.652402877807617
2022-04-11,TQQQ,2521,22.902385711669922
2022-04-12,TQQQ,2521,22.607545852661133
2022-04-13,TQQQ,2522,23.962862014770508
2022-04-14,TQQQ,2522,22.35074806213379
2022-04-18,TQQQ,2522,22.41257095336914
2022-04-19,TQQQ,2522,23.85348129272461
2022-04-20,TQQQ,2522,22.778743743896484
2022-04-21,TQQQ,2522,21.44245719909668
2022-04-22,TQQQ,2522,19.739988327026367
2022-04-25,TQQQ,2522,20.472333908081055
2022-04-26,TQQQ,2522,18.170684814453125
2022-04-27,TQQQ,2522,18.089845657348633
2022-04-28,TQQQ,2522,20.001544952392578
2022-04-29,TQQQ,2522,17.37176513671875
2022-05-02,TQQQ,2522,18.18970489501953
2022-05-03,TQQQ,2522,18.23250961303711
2022-05-04,TQQQ,2522,20.039587020874023
2022-05-05,TQQQ,2522,17.053146362304688
2022-05-06,TQQQ,2522,16.458711624145508
2022-05-09,TQQQ,2522,14.51371955871582
2022-05-10,TQQQ,2522,15.01304817199707
2022-05-11,TQQQ,2522,13.6767578125
2022-05-12,TQQQ,2522,13.56737995147705
2022-05-13,TQQQ,2522,15.04157829284668
2022-05-16,TQQQ,2522,14.575543403625488
2022-05-17,TQQQ,2522,15.674059867858887
2022-05-18,TQQQ,2522,13.386673927307129
2022-05-19,TQQQ,2522,13.115609169006348
2022-05-20,TQQQ,2522,13.00147819519043
2022-05-23,TQQQ,2522,13.643468856811523
2022-05-24,TQQQ,2522,12.792238235473633
2022-05-25,TQQQ,2522,13.305828094482422
2022-05-26,TQQQ,2522,14.418611526489258
2022-05-27,TQQQ,2522,15.830991744995117
2022-05-31,TQQQ,2522,15.716859817504883
2022-06-01,TQQQ,2522,15.350686073303223
2022-06-02,TQQQ,2522,16.596622467041016
2022-06-03,TQQQ,2522,15.28410816192627
2022-06-06,TQQQ,2522,15.474327087402344
2022-06-07,TQQQ,2522,15.850013732910156
2022-06-08,TQQQ,2522,15.526636123657227
2022-06-09,TQQQ,2522,14.261678695678711
2022-06-10,TQQQ,2522,12.73992919921875
2022-06-13,TQQQ,2522,10.975645065307617
2022-06-14,TQQQ,2522,11.046976089477539
2022-06-15,TQQQ,2522,11.841141700744629
2022-06-16,TQQQ,2522,10.395479202270508
2022-06-17,TQQQ,2522,10.780671119689941
2022-06-21,TQQQ,2522,11.593857765197754
2022-06-22,TQQQ,2522,11.551057815551758
2022-06-23,TQQQ,2522,12.045625686645508
2022-06-24,TQQQ,2522,13.305828094482422
2022-06-27,TQQQ,2522,12.991968154907227
2022-06-28,TQQQ,2522,11.807854652404785
2022-06-29,TQQQ,2522,11.831628799438477
2022-06-30,TQQQ,2522,11.413147926330566
2022-07-01,TQQQ,2522,11.598612785339355
2022-07-05,TQQQ,2522,12.197802543640137
2022-07-06,TQQQ,2522,12.430821418762207
2022-07-07,TQQQ,2522,13.20120906829834
2022-07-08,TQQQ,2522,13.263028144836426
2022-07-11,TQQQ,2522,12.416555404663086
2022-07-12,TQQQ,2522,12.05513858795166
2022-07-13,TQQQ,2522,11.979050636291504
2022-07-14,TQQQ,2522,12.102693557739258
2022-07-15,TQQQ,2522,12.73992919921875
2022-07-18,TQQQ,2522,12.445086479187012
2022-07-19,TQQQ,2522,13.53409194946289
2022-07-20,TQQQ,2522,14.214125633239746
2022-07-21,TQQQ,2522,14.818073272705078
2022-07-22,TQQQ,2522,14.042927742004395
2022-07-25,TQQQ,2522,13.833688735961914
2022-07-26,TQQQ,2522,12.996722221374512
2022-07-27,TQQQ,2522,14.618339538574219
2022-07-28,TQQQ,2522,15.036825180053711
2022-07-29,TQQQ,2522,15.864275932312012
2022-08-01,TQQQ,2522,15.840499877929688
2022-08-02,TQQQ,2522,15.69307804107666
2022-08-03,TQQQ,2522,16.94852638244629
2022-08-04,TQQQ,2522,17.19105339050293
2022-08-05,TQQQ,2522,16.78209114074707
2022-08-08,TQQQ,2522,16.610885620117188
2022-08-09,TQQQ,2522,16.04022979736328
2022-08-10,TQQQ,2522,17.357501983642578
2022-08-11,TQQQ,2522,17.095947265625
2022-08-12,TQQQ,2522,18.061307907104492
2022-08-15,TQQQ,2522,18.494056701660156
2022-08-16,TQQQ,2522,18.37516975402832
2022-08-17,TQQQ,2522,17.73793601989746
2022-08-18,TQQQ,2522,17.85682487487793
2022-08-19,TQQQ,2522,16.81061553955078
2022-08-22,TQQQ,2522,15.488594055175781
2022-08-23,TQQQ,2522,15.436285018920898
2022-08-24,TQQQ,2522,15.555170059204102
2022-08-25,TQQQ,2522,16.37311553955078
2022-08-26,TQQQ,2522,14.38056755065918
2022-08-29,TQQQ,2522,13.938308715820312
2022-08-30,TQQQ,2522,13.472271919250488
2022-08-31,TQQQ,2522,13.22498893737793
2022-09-01,TQQQ,2522,13.239253044128418
2022-09-02,TQQQ,2522,12.687617301940918
2022-09-06,TQQQ,2522,12.397533416748047
2022-09-07,TQQQ,2522,13.129878997802734
2022-09-08,TQQQ,2522,13.3438720703125
2022-09-09,TQQQ,2522,14.190348625183105
2022-09-12,TQQQ,2522,14.708696365356445
2022-09-13,TQQQ,2522,12.288159370422363
2022-09-14,TQQQ,2522,12.563974380493164
2022-09-15,TQQQ,2522,11.931496620178223
2022-09-16,TQQQ,2522,11.698479652404785
2022-09-19,TQQQ,2522,11.979050636291504
2022-09-20,TQQQ,2522,11.693720817565918
2022-09-21,TQQQ,2522,11.051733016967773
2022-09-22,TQQQ,2522,10.6427583694458
2022-09-23,TQQQ,2522,10.133926391601562
2022-09-26,TQQQ,2522,9.996016502380371
2022-09-27,TQQQ,2522,10.005526542663574
2022-09-28,TQQQ,2522,10.590453147888184
2022-09-29,TQQQ,2522,9.696420669555664
2022-09-30,TQQQ,2522,9.18758487701416
2022-10-03,TQQQ,2522,9.824821472167969
2022-10-04,TQQQ,2522,10.737871170043945
2022-10-05,TQQQ,2522,10.737871170043945
2022-10-06,TQQQ,2522,10.46681022644043
2022-10-07,TQQQ,2522,9.273180961608887
2022-10-10,TQQQ,2522,8.983099937438965
2022-10-11,TQQQ,2522,8.626439094543457
2022-10-12,TQQQ,2522,8.607416152954102
2022-10-13,TQQQ,2522,9.182828903198242
2022-10-14,TQQQ,2522,8.355374336242676
2022-10-17,TQQQ,2522,9.17807388305664
2022-10-18,TQQQ,2522,9.406336784362793
2022-10-19,TQQQ,2522,9.292204856872559
2022-10-20,TQQQ,2522,9.135273933410645
2022-10-21,TQQQ,2522,9.782018661499023
2022-10-24,TQQQ,2522,10.114904403686523
2022-10-25,TQQQ,2522,10.723605155944824
2022-10-26,TQQQ,2522,10.015034675598145
2022-10-27,TQQQ,2522,9.463401794433594
2022-10-28,TQQQ,2522,10.319390296936035
2022-10-31,TQQQ,2522,9.962727546691895
2022-11-01,TQQQ,2522,9.653621673583984
2022-11-02,TQQQ,2522,8.6549711227417
2022-11-03,TQQQ,2522,8.155645370483398
2022-11-04,TQQQ,2522,8.536086082458496
2022-11-07,TQQQ,2522,8.807147979736328
2022-11-08,TQQQ,2522,8.997365951538086
2022-11-09,TQQQ,2522,8.36964225769043
2022-11-10,TQQQ,2522,10.2005033493042
2022-11-11,TQQQ,2522,10.780671119689941
2022-11-14,TQQQ,2522,10.495339393615723
2022-11-15,TQQQ,2522,10.918580055236816
2022-11-16,TQQQ,2522,10.476318359375
2022-11-17,TQQQ,2522,10.395479202270508
2022-11-18,TQQQ,2522,10.385965347290039
2022-11-21,TQQQ,2522,10.072104454040527
2022-11-22,TQQQ,2522,10.495339393615723
2022-11-23,TQQQ,2522,10.809202194213867
2022-11-25,TQQQ,2522,10.585694313049316
2022-11-28,TQQQ,2522,10.119656562805176
2022-11-29,TQQQ,2522,9.877129554748535
2022-11-30,TQQQ,2522,11.20390796661377
2022-12-01,TQQQ,2522,11.265728950500488
2022-12-02,TQQQ,2522,11.132575035095215
2022-12-05,TQQQ,2522,10.571429252624512
2022-12-06,TQQQ,2522,9.900907516479492
2022-12-07,TQQQ,2522,9.782018661499023
2022-12-08,TQQQ,2522,10.129170417785645
2022-12-09,TQQQ,2522,9.934195518493652
2022-12-12,TQQQ,2522,10.295612335205078
2022-12-13,TQQQ,2522,10.618983268737793
2022-12-14,TQQQ,2522,10.366943359375
2022-12-15,TQQQ,2522,9.339761734008789
2022-12-16,TQQQ,2522,9.06394100189209
2022-12-19,TQQQ,2522,8.68825912475586
2022-12-20,TQQQ,2522,8.650217056274414
2022-12-21,TQQQ,2522,9.025899887084961
2022-12-22,TQQQ,2522,8.384401321411133
2022-12-23,TQQQ,2522,8.408303260803223
2022-12-27,TQQQ,2522,8.049790382385254
2022-12-28,TQQQ,2522,7.724738121032715
2022-12-29,TQQQ,2522,8.269678115844727
2022-12-30,TQQQ,2522,8.269678115844727
2023-01-03,TQQQ,2522,8.083250045776367
2023-01-04,TQQQ,2522,8.207535743713379
2023-01-05,TQQQ,2522,7.820342540740967
2023-01-06,TQQQ,2522,8.43220329284668
2023-01-09,TQQQ,2522,8.60906982421875
2023-01-10,TQQQ,2522,8.838516235351562
2023-01-11,TQQQ,2522,9.278291702270508
2023-01-12,TQQQ,2522,9.421695709228516
2023-01-13,UVXY,16,1347.5
2023-01-17,TQQQ,2348,9.6607027053833
2023-01-18,TQQQ,2348,9.302190780639648
2023-01-19,TQQQ,2348,9.010601997375488
2023-01-20,TQQQ,2348,9.746746063232422
2023-01-23,UVXY,16,1352.5
2023-01-24,UVXY,16,1275.0
2023-01-25,TQQQ,2290,10.248665809631348
2023-01-26,TQQQ,2290,10.841403007507324
2023-01-27,TQQQ,2290,11.152114868164062
2023-01-30,TQQQ,2290,10.482892036437988
2023-01-31,TQQQ,2290,10.951347351074219
2023-02-01,TQQQ,2290,11.658809661865234
2023-02-02,TQQQ,2290,12.863412857055664
2023-02-03,UVXY,21,1222.5
2023-02-06,TQQQ,2302,11.888257026672363
2023-02-07,TQQQ,2302,12.624403953552246
2023-02-08,TQQQ,2302,11.945619583129883
2023-02-09,TQQQ,2302,11.625351905822754
2023-02-10,TQQQ,2302,11.38634204864502
2023-02-13,TQQQ,2302,11.926499366760254
2023-02-14,TQQQ,2302,12.1846284866333
2023-02-15,TQQQ,2302,12.457097053527832
2023-02-16,TQQQ,2302,11.744853019714355
2023-02-17,TQQQ,2302,11.491507530212402
2023-02-21,TQQQ,2302,10.683659553527832
2023-02-22,TQQQ,2302,10.693217277526855
2023-02-23,TQQQ,2302,10.960906982421875
2023-02-24,TQQQ,2302,10.406407356262207
2023-02-27,TQQQ,2302,10.631075859069824
2023-02-28,TQQQ,2302,10.578495025634766
2023-03-01,TQQQ,2302,10.320364952087402
2023-03-02,TQQQ,2303,10.568934440612793
2023-03-03,TQQQ,2303,11.214255332946777
2023-03-06,TQQQ,2303,11.262055397033691
2023-03-07,TQQQ,2303,10.841403007507324
2023-03-08,TQQQ,2303,10.989587783813477
2023-03-09,TQQQ,2303,10.411189079284668
2023-03-10,TQQQ,2303,9.980975151062012
2023-03-13,TQQQ,2303,10.196083068847656
2023-03-14,TQQQ,2303,10.889205932617188
2023-03-15,TQQQ,2303,11.04694938659668
2023-03-16,TQQQ,2303,11.921719551086426
2023-03-17,TQQQ,2303,11.744853019714355
2023-03-20,TQQQ,2303,11.869138717651367
2023-03-21,TQQQ,2303,12.371054649353027
2023-03-22,TQQQ,2303,11.866211891174316
2023-03-23,TQQQ,2303,12.289318084716797
2023-03-24,TQQQ,2303,12.414325714111328
2023-03-27,UVXY,21,1272.5
2023-03-28,TQQQ,2325,11.957563400268555
2023-03-29,TQQQ,2325,12.611454010009766
2023-03-30,TQQQ,2325,12.952825546264648
2023-03-31,TQQQ,2325,13.587486267089844
2023-04-03,TQQQ,2325,13.491324424743652
2023-04-04,TQQQ,2325,13.356701850891113
2023-04-05,TQQQ,2325,12.92878532409668
2023-04-06,TQQQ,2325,13.1884183883667
2023-04-10,TQQQ,2325,13.159570693969727
2023-04-11,TQQQ,2325,12.904745101928711
2023-04-12,TQQQ,2325,12.563375473022461
2023-04-13,TQQQ,2325,13.284578323364258
2023-04-14,TQQQ,2325,13.207651138305664
2023-04-17,TQQQ,2325,13.222077369689941
2023-04-18,TQQQ,2325,13.231691360473633
2023-04-19,TQQQ,2325,13.202840805053711
2023-04-20,TQQQ,2325,12.895129203796387
2023-04-21,TQQQ,2325,12.919170379638672
2023-04-24,TQQQ,2325,12.842240333557129
2023-04-25,TQQQ,2325,12.116230010986328
2023-04-26,TQQQ,2325,12.318166732788086
2023-04-27,TQQQ,2325,13.313427925109863
2023-04-28,TQQQ,2325,13.582676887512207
2023-05-01,TQQQ,2325,13.54421329498291
2023-05-02,TQQQ,2325,13.183612823486328
2023-05-03,TQQQ,2325,12.923975944519043
2023-05-04,TQQQ,2325,12.779735565185547
2023-05-05,TQQQ,2325,13.563445091247559
2023-05-08,TQQQ,2325,13.674030303955078
2023-05-09,TQQQ,2325,13.409587860107422
2023-05-10,TQQQ,2325,13.84230899810791
2023-05-11,TQQQ,2325,13.957703590393066
2023-05-12,TQQQ,2325,13.813461303710938
2023-05-15,TQQQ,2325,14.025014877319336
2023-05-16,TQQQ,2325,14.077903747558594
2023-05-17,TQQQ,2325,14.582745552062988
2023-05-18,UVXY,41,780.0
2023-05-19,UVXY,41,807.5
2023-05-22,UVXY,41,810.0
2023-05-23,UVXY,41,830.0
2023-05-24,TQQQ,2452,14.582745552062988
2023-05-25,TQQQ,2452,15.635702133178711
2023-05-26,TQQQ,2452,16.818477630615234
2023-05-30,UVXY,56,767.5
2023-05-31,UVXY,56,762.5
2023-06-01,TQQQ,2527,17.31370735168457
2023-06-02,TQQQ,2527,17.70315933227539
2023-06-05,TQQQ,2527,17.741621017456055
2023-06-06,TQQQ,2527,17.72239112854004
2023-06-07,TQQQ,2527,16.818477630615234
2023-06-08,TQQQ,2527,17.39544677734375
2023-06-09,TQQQ,2527,17.60699462890625
2023-06-12,TQQQ,2527,18.5060977935791
2023-06-13,TQQQ,2527,18.919584274291992
2023-06-14,TQQQ,2527,19.32345962524414
2023-06-15,UVXY,89,562.5
2023-06-16,UVXY,89,530.0
2023-06-20,TQQQ,2513,19.520587921142578
2023-06-21,TQQQ,2513,18.738264083862305
2023-06-22,TQQQ,2513,19.360462188720703
2023-06-23,TQQQ,2513,18.786495208740234
2023-06-26,TQQQ,2513,18.04371452331543
2023-06-27,TQQQ,2513,18.936010360717773
2023-06-28,TQQQ,2513,19.051773071289062
2023-06-29,TQQQ,2513,18.921546936035156
2023-06-30,TQQQ,2513,19.77526092529297
2023-07-03,TQQQ,2513,19.910308837890625
2023-07-05,TQQQ,2513,19.895837783813477
2023-07-06,TQQQ,2513,19.42798614501953
2023-07-07,TQQQ,2513,19.2302303314209
2023-07-10,TQQQ,2513,19.24470329284668
2023-07-11,TQQQ,2513,19.51962661743164
2023-07-12,TQQQ,2513,20.24310874938965
2023-07-13,TQQQ,2513,21.251169204711914
2023-07-14,TQQQ,2513,21.231874465942383
2023-07-17,UVXY,123,431.75
2023-07-18,UVXY,123,423.25
2023-07-19,UVXY,123,435.75
2023-07-20,UVXY,123,435.75
2023-07-21,TQQQ,2485,20.590383529663086
2023-07-24,TQQQ,2485,20.672380447387695
2023-07-25,TQQQ,2485,21.087175369262695
2023-07-26,TQQQ,2485,20.870134353637695
2023-07-27,TQQQ,2485,20.691675186157227
2023-07-28,TQQQ,2485,21.810665130615234
2023-07-31,TQQQ,2485,21.85407066345215
2023-08-01,TQQQ,2485,21.685256958007812
2023-08-02,TQQQ,2485,20.267230987548828
2023-08-03,TQQQ,2485,20.122533798217773
2023-08-04,TQQQ,2485,19.842782974243164
2023-08-07,TQQQ,2485,20.33475112915039
2023-08-08,TQQQ,2485,19.813844680786133
2023-08-09,TQQQ,2485,19.153057098388672
2023-08-10,TQQQ,2485,19.239877700805664
2023-08-11,TQQQ,2485,18.85401725769043
2023-08-14,TQQQ,2485,19.48103904724121
2023-08-15,TQQQ,2485,18.88296127319336
2023-08-16,TQQQ,2485,18.25594139099121
2023-08-17,TQQQ,2485,17.638565063476562
2023-08-18,TQQQ,2486,17.556570053100586
2023-08-21,TQQQ,2486,18.405458450317383
2023-08-22,TQQQ,2486,18.32346534729004
2023-08-23,TQQQ,2486,19.186824798583984
2023-08-24,TQQQ,2486,17.92313575744629
2023-08-25,TQQQ,2486,18.347579956054688
2023-08-28,TQQQ,2486,18.75755500793457
2023-08-29,TQQQ,2486,19.953720092773438
2023-08-30,TQQQ,2486,20.28652000427246
2023-08-31,TQQQ,2486,20.46980094909668
2023-09-01,TQQQ,2486,20.39745330810547
2023-09-05,TQQQ,2486,20.45051383972168
2023-09-06,TQQQ,2486,19.910308837890625
2023-09-07,TQQQ,2486,19.476213455200195
2023-09-08,TQQQ,2486,19.534095764160156
2023-09-11,TQQQ,2486,20.19970703125
2023-09-12,TQQQ,2486,19.55338478088379
2023-09-13,TQQQ,2486,19.74631690979004
2023-09-14,TQQQ,2486,20.2093505859375
2023-09-15,TQQQ,2486,19.172351837158203
2023-09-18,TQQQ,2486,19.21576499938965
2023-09-19,TQQQ,2486,19.100006103515625
2023-09-20,TQQQ,2486,18.271841049194336
2023-09-21,TQQQ,2486,17.231191635131836
2023-09-22,TQQQ,2486,17.24571990966797
2023-09-25,TQQQ,2486,17.47320556640625
2023-09-26,TQQQ,2486,16.693927764892578
2023-09-27,TQQQ,2486,16.795578002929688
2023-09-28,TQQQ,2486,17.2021541595459
2023-09-29,TQQQ,2486,17.240875244140625
2023-10-02,TQQQ,2486,17.652292251586914
2023-10-03,TQQQ,2486,16.7181339263916
2023-10-04,TQQQ,2486,17.39575958251953
2023-10-05,TQQQ,2486,17.211835861206055
2023-10-06,TQQQ,2486,18.078235626220703
2023-10-09,TQQQ,2486,18.344446182250977
2023-10-10,TQQQ,2486,18.64453887939453
2023-10-11,TQQQ,2486,19.04143524169922
2023-10-12,TQQQ,2486,18.81878662109375
2023-10-13,TQQQ,2486,18.107275009155273
2023-10-16,TQQQ,2486,18.717140197753906
2023-10-17,TQQQ,2486,18.538053512573242
2023-10-18,TQQQ,2486,17.753936767578125
2023-10-19,TQQQ,2486,17.279600143432617
2023-10-20,TQQQ,2486,16.500322341918945
2023-10-23,TQQQ,2486,16.645526885986328
2023-10-24,TQQQ,2486,17.11503028869629
2023-10-25,TQQQ,2486,15.861412048339844
2023-10-26,TQQQ,2486,14.936929702758789
2023-10-27,TQQQ,2486,15.14989948272705
2023-10-30,TQQQ,2486,15.638764381408691
2023-10-31,TQQQ,2486,15.866253852844238
2023-11-01,TQQQ,2486,16.684249877929688
2023-11-02,TQQQ,2486,17.570009231567383
2023-11-03,TQQQ,2486,18.189559936523438
2023-11-06,TQQQ,2486,18.397687911987305
2023-11-07,TQQQ,2486,18.91559410095215
2023-11-08,TQQQ,2486,18.949474334716797
2023-11-09,UVXY,154,330.75
2023-11-10,UVXY,154,309.75
2023-11-13,UVXY,154,305.0
2023-11-14,UVXY,154,301.5
2023-11-15,UVXY,154,291.25
2023-11-16,UVXY,154,285.0
2023-11-17,UVXY,154,278.75
2023-11-20,UVXY,154,275.0
2023-11-21,UVXY,154,266.75
2023-11-22,TQQQ,1867,21.49059295654297
2023-11-24,TQQQ,1867,21.38410758972168
2023-11-27,TQQQ,1,21.321186065673828
2023-11-27,UVXY,155,255.0
2023-11-28,TQQQ,1858,21.49059295654297
2023-11-29,TQQQ,1,21.413150787353516
2023-11-29,UVXY,164,255.75
2023-11-30,TQQQ,1945,21.23406219482422
2023-12-01,TQQQ,1945,21.413150787353516
2023-12-04,TQQQ,1945,20.803281784057617
2023-12-05,TQQQ,1945,20.953325271606445
2023-12-06,TQQQ,1945,20.580629348754883
2023-12-07,TQQQ,1945,21.44219207763672
2023-12-08,TQQQ,1945,21.69872283935547
2023-12-11,TQQQ,1945,22.25050926208496
2023-12-12,TQQQ,1945,22.78777313232422
2023-12-13,TQQQ,1945,23.591249465942383
2023-12-14,TQQQ,1945,23.55253028869629
2023-12-15,TQQQ,1945,23.833261489868164
2023-12-18,TQQQ,1945,24.331798553466797
2023-12-19,UVXY,208,230.5
2023-12-20,UVXY,208,250.75
2023-12-21,TQQQ,2110,24.380281448364258
2023-12-22,TQQQ,2110,24.477508544921875
2023-12-26,TQQQ,2110,24.924768447875977
2023-12-27,TQQQ,2110,25.05602264404297
2023-12-28,TQQQ,2110,24.992826461791992
2023-12-29,TQQQ,2110,24.64766502380371
2024-01-02,TQQQ,2110,23.398265838623047
2024-01-03,TQQQ,2110,22.649599075317383
2024-01-04,TQQQ,2110,22.270402908325195
2024-01-05,TQQQ,2110,22.35304832458496
2024-01-08,TQQQ,2110,23.699674606323242
2024-01-09,TQQQ,2110,23.855243682861328
2024-01-10,TQQQ,2110,24.326805114746094
2024-01-11,TQQQ,2110,24.443479537963867
2024-01-12,TQQQ,2110,24.472646713256836
2024-01-16,TQQQ,2110,24.45806312561035
2024-01-17,TQQQ,2110,24.035114288330078
2024-01-18,TQQQ,2110,25.065752029418945
2024-01-19,UVXY,267,199.0
2024-01-22,UVXY,267,189.5
2024-01-23,UVXY,268,180.75
2024-01-24,UVXY,268,188.0
2024-01-25,UVXY,268,191.25
2024-01-26,UVXY,268,189.0
2024-01-29,TQQQ,1875,27.744422912597656
2024-01-30,UVXY,272,187.0
2024-01-31,TQQQ,1939,25.590787887573242
2024-02-01,TQQQ,1939,26.495019912719727
2024-02-02,TQQQ,1939,27.82706642150879
2024-02-05,TQQQ,1939,27.686080932617188
2024-02-06,TQQQ,1939,27.52565574645996
2024-02-07,TQQQ,1939,28.347244262695312
2024-02-08,TQQQ,1939,28.463918685913086
2024-02-09,TQQQ,1939,29.300092697143555
2024-02-12,TQQQ,1939,28.95492935180664
2024-02-13,TQQQ,1939,27.58399200439453
2024-02-14,TQQQ,1939,28.45905876159668
2024-02-15,TQQQ,1939,28.697267532348633
2024-02-16,TQQQ,1939,27.909709930419922
2024-02-20,TQQQ,1939,27.263132095336914
2024-02-21,TQQQ,1939,26.92283058166504
2024-02-22,TQQQ,1939,29.251474380493164
2024-02-23,TQQQ,1939,28.984098434448242
2024-02-26,TQQQ,1939,28.945205688476562
2024-02-27,TQQQ,1939,29.125076293945312
2024-02-28,TQQQ,1939,28.65351676940918
2024-02-29,TQQQ,1939,29.34384536743164
2024-03-01,TQQQ,1939,30.690475463867188
2024-03-04,TQQQ,1939,30.325862884521484
2024-03-05,TQQQ,1939,28.70213508605957
2024-03-06,TQQQ,1939,29.232032775878906
2024-03-07,TQQQ,1939,30.5349063873291
2024-03-08,TQQQ,1939,29.198001861572266
2024-03-11,TQQQ,1939,28.85770034790039
2024-03-12,TQQQ,1939,30.082788467407227
2024-03-13,TQQQ,1939,29.382734298706055
2024-03-14,TQQQ,1939,29.14452362060547
2024-03-15,TQQQ,1939,28.07986068725586
2024-03-18,TQQQ,1939,28.872278213500977
2024-03-19,TQQQ,1939,29.07160186767578
2024-03-20,TQQQ,1939,30.103513717651367
2024-03-21,TQQQ,1939,30.493831634521484
2024-03-22,TQQQ,1939,30.557262420654297
2024-03-25,TQQQ,1939,30.24500274658203
2024-03-26,TQQQ,1939,29.962024688720703
2024-03-27,TQQQ,1939,30.225488662719727
2024-03-28,TQQQ,1939,30.035207748413086
2024-04-01,TQQQ,1939,30.220611572265625
2024-04-02,TQQQ,1939,29.410690307617188
2024-04-03,TQQQ,1939,29.605857849121094
2024-04-04,TQQQ,1939,28.2104549407959
2024-04-05,TQQQ,1939,29.205774307250977
2024-04-08,TQQQ,1939,29.225292205810547
2024-04-09,TQQQ,1939,29.527786254882812
2024-04-10,TQQQ,1939,28.752025604248047
2024-04-11,TQQQ,1939,30.103513717651367
2024-04-12,TQQQ,1939,28.64957046508789
2024-04-15,TQQQ,1939,27.210254669189453
2024-04-16,TQQQ,1939,27.21513557434082
2024-04-17,TQQQ,1939,26.205181121826172
2024-04-18,TQQQ,1939,25.736797332763672
2024-04-19,TQQQ,1939,24.141359329223633
2024-04-22,TQQQ,1939,24.843935012817383
2024-04-23,TQQQ,1939,25.951467514038086
2024-04-24,TQQQ,1939,26.205181121826172
2024-04-25,TQQQ,1939,25.785585403442383
2024-04-26,TQQQ,1939,26.9711856842041
2024-04-29,TQQQ,1939,27.293203353881836
2024-04-30,TQQQ,1939,25.731916427612305
2024-05-01,TQQQ,1939,25.175708770751953
2024-05-02,TQQQ,1939,26.10759925842285
2024-05-03,TQQQ,1939,27.66400718688965
2024-05-06,TQQQ,1939,28.571502685546875
2024-05-07,TQQQ,1939,28.571502685546875
2024-05-08,TQQQ,1939,28.517833709716797
2024-05-09,TQQQ,1939,28.673961639404297
2024-05-10,TQQQ,1939,28.869123458862305
2024-05-13,TQQQ,1939,29.059406280517578
2024-05-14,TQQQ,1939,29.60097312927246
2024-05-15,UVXY,439,128.85000610351562
2024-05-16,UVXY,439,128.8000030517578
2024-05-17,UVXY,439,126.75
2024-05-20,UVXY,439,126.5999984741211
2024-05-21,UVXY,439,123.44999694824219
2024-05-22,UVXY,439,127.19999694824219
2024-05-23,UVXY,439,130.0
2024-05-24,UVXY,439,124.9000015258789
2024-05-28,UVXY,439,128.0500030517578
2024-05-29,UVXY,439,135.25
2024-05-30,TQQQ,1903,30.54262351989746
2024-05-31,TQQQ,1903,30.50847053527832
2024-06-03,TQQQ,1903,30.806093215942383
2024-06-04,TQQQ,1903,31.03540802001953
2024-06-05,TQQQ,1903,32.90894317626953
2024-06-06,TQQQ,1903,32.86991500854492
2024-06-07,TQQQ,1903,32.74794387817383
2024-06-10,TQQQ,1903,33.0943489074707
2024-06-11,TQQQ,1903,33.77741622924805
2024-06-12,TQQQ,1903,35.109375
2024-06-13,UVXY,580,117.94999694824219
2024-06-14,UVXY,580,123.1500015258789
2024-06-17,UVXY,580,122.05000305175781
2024-06-18,UVXY,580,121.3499984741211
2024-06-20,UVXY,580,127.25
2024-06-21,UVXY,580,123.44999694824219
2024-06-24,TQQQ,2011,35.07034683227539
2024-06-25,TQQQ,2011,36.24131393432617
2024-06-26,TQQQ,2011,36.468074798583984
2024-06-27,TQQQ,2011,36.7325553894043
2024-06-28,TQQQ,2011,36.154624938964844
2024-07-01,TQQQ,2011,36.74724197387695
2024-07-02,TQQQ,2011,37.87370681762695
2024-07-03,TQQQ,2011,38.80427169799805
2024-07-05,TQQQ,2011,39.979705810546875
2024-07-08,TQQQ,2011,40.24417495727539
2024-07-09,TQQQ,2011,40.33233642578125
2024-07-10,UVXY,761,107.44999694824219
2024-07-11,UVXY,761,107.94999694824219
2024-07-12,TQQQ,2061,39.494842529296875
2024-07-15,TQQQ,2061,39.788692474365234
2024-07-16,TQQQ,2061,39.818084716796875
2024-07-17,TQQQ,2061,36.316246032714844
2024-07-18,TQQQ,2061,35.77260208129883
2024-07-19,TQQQ,2061,34.80286407470703
2024-07-22,TQQQ,2061,36.321144104003906
2024-07-23,TQQQ,2061,35.929325103759766
2024-07-24,TQQQ,2061,32.055267333984375
2024-07-25,TQQQ,2061,30.987577438354492
2024-07-26,TQQQ,2061,31.87406349182129
2024-07-29,TQQQ,2061,32.06017303466797
2024-07-30,TQQQ,2061,30.752490997314453
2024-07-31,TQQQ,2061,33.441314697265625
2024-08-01,TQQQ,2061,31.031660079956055
2024-08-02,TQQQ,2061,28.768932342529297
2024-08-05,TQQQ,2061,26.261323928833008
2024-08-06,TQQQ,2061,26.917612075805664
2024-08-07,TQQQ,2061,26.050722122192383
2024-08-08,TQQQ,2061,28.435888290405273
2024-08-09,TQQQ,2061,28.822803497314453
2024-08-12,TQQQ,2061,29.018712997436523
2024-08-13,TQQQ,2061,31.129610061645508
2024-08-14,TQQQ,2061,31.183483123779297
2024-08-15,TQQQ,2061,33.52946853637695
2024-08-16,TQQQ,2061,33.61763000488281
2024-08-19,TQQQ,2061,34.920413970947266
2024-08-20,UVXY,648,115.55000305175781
2024-08-21,UVXY,648,117.5
2024-08-22,UVXY,648,125.5
2024-08-23,TQQQ,2273,34.54328536987305
2024-08-26,UVXY,691,114.0999984741211
2024-08-27,TQQQ,2426,33.81353759765625
2024-08-28,TQQQ,2426,32.667476654052734
2024-08-29,TQQQ,2426,32.49605941772461
2024-08-30,TQQQ,2426,33.60293197631836
2024-09-03,TQQQ,2426,30.5369930267334
2024-09-04,TQQQ,2426,30.277414321899414
2024-09-05,TQQQ,2426,30.375370025634766
2024-09-06,TQQQ,2426,27.911840438842773
2024-09-09,TQQQ,2426,28.950145721435547
2024-09-10,TQQQ,2426,29.72887420654297
2024-09-11,TQQQ,2426,31.62427520751953
2024-09-12,TQQQ,2426,32.559730529785156
2024-09-13,TQQQ,2426,32.9858283996582
2024-09-16,TQQQ,2426,32.5450439453125
2024-09-17,TQQQ,2426,32.564632415771484
2024-09-18,TQQQ,2426,32.13853454589844
2024-09-19,TQQQ,2426,34.567779541015625
2024-09-20,TQQQ,2426,34.347381591796875
2024-09-23,UVXY,724,118.0999984741211
2024-09-24,UVXY,724,118.19999694824219
2024-09-25,UVXY,724,120.44999694824219
2024-09-26,UVXY,724,120.55000305175781
2024-09-27,UVXY,724,129.0
2024-09-30,TQQQ,2680,35.6175651550293
2024-10-01,TQQQ,2680,34.10913848876953
2024-10-02,TQQQ,2680,34.23688507080078
2024-10-03,TQQQ,2680,34.15827941894531
2024-10-04,TQQQ,2680,35.36206817626953
2024-10-07,TQQQ,2680,34.19758224487305
2024-10-08,TQQQ,2680,35.68144226074219
2024-10-09,TQQQ,2680,36.541297912597656
2024-10-10,TQQQ,2680,36.41354751586914
2024-10-11,TQQQ,2680,36.50690460205078
2024-10-14,TQQQ,2680,37.44045639038086
2024-10-15,TQQQ,2680,35.94676971435547
2024-10-16,TQQQ,2680,35.9271125793457
2024-10-17,TQQQ,2680,36.03520584106445
2024-10-18,TQQQ,2680,36.67395782470703
2024-10-21,TQQQ,2680,36.87540817260742
2024-10-22,TQQQ,2680,36.98350524902344
2024-10-23,TQQQ,2680,35.273624420166016
2024-10-24,TQQQ,2680,36.113826751708984
2024-10-25,TQQQ,2680,36.72309494018555
2024-10-28,TQQQ,2680,36.757484436035156
2024-10-29,TQQQ,2680,37.77457046508789
2024-10-30,TQQQ,2680,36.93437576293945
2024-10-31,TQQQ,2680,34.123878479003906
2024-11-01,TQQQ,2680,34.851070404052734
2024-11-04,TQQQ,2680,34.52678680419922
2024-11-05,TQQQ,2680,35.83867263793945
2024-11-06,TQQQ,2680,38.747432708740234
2024-11-07,TQQQ,2680,40.56049728393555
2024-11-08,TQQQ,2680,40.65876388549805
2024-11-11,TQQQ,2680,40.58506393432617
2024-11-12,TQQQ,2680,40.36395263671875
2024-11-13,TQQQ,2680,40.18707275390625
2024-11-14,TQQQ,2680,39.3370475769043
2024-11-15,UVXY,995,110.5
2024-11-18,TQQQ,2950,37.22917556762695
2024-11-19,TQQQ,2950,37.97602462768555
2024-11-20,TQQQ,2950,37.93180465698242
2024-11-21,TQQQ,2950,38.30522155761719
2024-11-22,TQQQ,2950,38.44771194458008
2024-11-25,TQQQ,2950,38.62459945678711
2024-11-26,TQQQ,2950,39.224037170410156
2024-11-27,TQQQ,2950,38.27574920654297
2024-11-29,TQQQ,2950,39.25351333618164
2024-12-02,TQQQ,2950,40.52610397338867
2024-12-03,UVXY,1228,94.1500015258789
2024-12-04,UVXY,1228,95.25
2024-12-05,UVXY,1228,95.80000305175781
2024-12-06,UVXY,1228,93.25
2024-12-09,UVXY,1228,96.30000305175781
2024-12-10,TQQQ,2765,41.64636993408203
2024-12-11,TQQQ,2765,43.872161865234375
2024-12-12,TQQQ,2765,43.00247573852539
2024-12-13,TQQQ,2765,43.92620086669922
2024-12-16,TQQQ,2765,45.8375358581543
2024-12-17,TQQQ,2765,45.223350524902344
2024-12-18,TQQQ,2765,40.334468841552734
2024-12-19,TQQQ,2765,39.76451110839844
2024-12-20,TQQQ,2766,40.79634094238281
2024-12-23,TQQQ,2766,41.93265151977539
2024-12-24,TQQQ,2766,43.598915100097656
2024-12-26,TQQQ,2766,43.505252838134766
2024-12-27,TQQQ,2766,41.7354621887207
2024-12-30,TQQQ,2766,40.0593376159668
2024-12-31,TQQQ,2766,39.009300231933594
2025-01-02,TQQQ,2766,38.7628059387207
2025-01-03,TQQQ,2766,40.62133026123047
2025-01-06,TQQQ,2766,42.006595611572266
2025-01-07,TQQQ,2766,39.74383544921875
2025-01-08,TQQQ,2766,39.77341079711914
2025-01-10,TQQQ,2766,37.87544631958008
2025-01-13,TQQQ,2766,37.4810676574707
2025-01-14,TQQQ,2766,37.34796142578125
2025-01-15,TQQQ,2766,39.872005462646484
2025-01-16,TQQQ,2766,39.05859375
2025-01-17,TQQQ,2766,40.98613739013672
2025-01-21,TQQQ,2766,41.666446685791016
2025-01-22,TQQQ,2766,43.28341293334961
2025-01-23,TQQQ,2766,43.54962158203125
2025-01-24,TQQQ,2766,42.765785217285156
2025-01-27,TQQQ,2766,39.01422882080078
2025-01-28,TQQQ,2766,40.74457550048828
2025-01-29,TQQQ,2766,40.49315643310547
2025-01-30,TQQQ,2766,41.00092697143555
2025-01-31,TQQQ,2766,40.779083251953125
2025-02-03,TQQQ,2766,39.793128967285156
2025-02-04,TQQQ,2766,41.23755645751953
2025-02-05,TQQQ,2766,41.774898529052734
2025-02-06,TQQQ,2766,42.40097427368164
2025-02-07,TQQQ,2766,40.78401565551758
2025-02-10,TQQQ,2766,42.21858215332031
2025-02-11,TQQQ,2766,41.91786193847656
2025-02-12,TQQQ,2766,42.00167465209961
2025-02-13,TQQQ,2766,43.77145767211914
2025-02-14,TQQQ,2766,44.28415298461914
2025-02-18,TQQQ,2766,44.56022262573242
2025-02-19,TQQQ,2766,44.565147399902344
2025-02-20,TQQQ,2766,44.02288055419922
2025-02-21,TQQQ,2766,41.26713180541992
2025-02-24,TQQQ,2766,39.783267974853516
2025-02-25,TQQQ,2766,38.2649040222168
2025-02-26,TQQQ,2766,38.51138687133789
2025-02-27,TQQQ,2766,35.316898345947266
2025-02-28,TQQQ,2766,36.933860778808594
2025-03-03,TQQQ,2766,34.547847747802734
2025-03-04,TQQQ,2766,34.16825866699219
2025-03-05,TQQQ,2766,35.499298095703125
2025-03-06,TQQQ,2766,32.55622482299805
2025-03-07,TQQQ,2766,33.231605529785156
2025-03-10,TQQQ,2766,29.484975814819336
2025-03-11,TQQQ,2766,29.139890670776367
2025-03-12,TQQQ,2766,30.135705947875977
2025-03-13,TQQQ,2766,28.48916244506836
2025-03-14,TQQQ,2766,30.51036834716797
2025-03-17,TQQQ,2766,31.10194206237793
2025-03-18,TQQQ,2766,29.534273147583008
2025-03-19,TQQQ,2766,30.682910919189453
2025-03-20,TQQQ,2766,30.36740493774414
2025-03-21,TQQQ,2766,30.653329849243164
2025-03-24,TQQQ,2766,32.60059356689453
2025-03-25,TQQQ,2766,33.182308197021484
2025-03-26,TQQQ,2766,31.337085723876953
2025-03-27,TQQQ,2766,30.803098678588867
2025-03-28,TQQQ,2766,28.3507137298584
2025-03-31,TQQQ,2766,28.33094024658203
2025-04-01,TQQQ,2766,28.983591079711914
2025-04-02,TQQQ,2766,29.631298065185547
2025-04-03,TQQQ,2766,24.869916915893555
2025-04-04,TQQQ,2766,20.316198348999023
2025-04-07,TQQQ,2766,20.39531135559082
2025-04-08,TQQQ,2766,19.233394622802734
2025-04-09,TQQQ,2766,26.012056350708008
2025-04-10,TQQQ,2766,22.813079833984375
2025-04-11,TQQQ,2766,24.01949691772461
2025-04-14,TQQQ,2766,24.523815155029297
2025-04-15,TQQQ,2766,24.617759704589844
2025-04-16,TQQQ,2766,22.39281463623047
2025-04-17,TQQQ,2766,22.328536987304688
2025-04-21,TQQQ,2766,20.696914672851562
2025-04-22,TQQQ,2766,22.279096603393555
2025-04-23,TQQQ,2766,23.757442474365234
2025-04-24,TQQQ,2766,25.779672622680664
2025-04-25,TQQQ,2766,26.630094528198242
2025-04-28,TQQQ,2766,26.61031723022461
2025-04-29,TQQQ,2766,27.129470825195312
2025-04-30,TQQQ,2766,27.134416580200195
2025-05-01,TQQQ,2766,28.068891525268555
2025-05-02,UVXY,559,138.5500030517578
2025-05-05,UVXY,559,142.39999389648438
2025-05-06,UVXY,559,150.6999969482422
2025-05-07,UVXY,559,144.75
2025-05-08,UVXY,559,136.6999969482422
2025-05-09,TQQQ,2562,29.15664291381836
2025-05-12,TQQQ,2562,32.68688201904297
2025-05-13,UVXY,796,107.5
2025-05-14,UVXY,796,110.69999694824219
2025-05-15,UVXY,796,108.1500015258789
2025-05-16,UVXY,796,107.55000305175781
2025-05-19,UVXY,796,109.1500015258789
2025-05-20,UVXY,796,107.69999694824219
2025-05-21,UVXY,796,118.94999694824219
2025-05-22,TQQQ,2831,33.76474380493164
2025-05-23,TQQQ,2831,32.790714263916016
2025-05-27,TQQQ,2831,35.07499313354492
2025-05-28,TQQQ,2831,34.625057220458984
2025-05-29,TQQQ,2831,34.79316329956055
2025-05-30,TQQQ,2831,34.61022186279297
2025-06-02,TQQQ,2831,35.4062614440918
2025-06-03,TQQQ,2831,36.231956481933594
2025-06-04,TQQQ,2831,36.523677825927734
2025-06-05,TQQQ,2831,35.67325210571289
2025-06-06,TQQQ,2831,36.6917839050293
2025-06-09,TQQQ,2831,36.85494613647461
2025-06-10,TQQQ,2831,37.566932678222656
2025-06-11,TQQQ,2831,37.18126678466797
2025-06-12,TQQQ,2831,37.42354202270508
2025-06-13,TQQQ,2831,36.00946807861328
2025-06-16,TQQQ,2831,37.47792434692383
2025-06-17,TQQQ,2831,36.37040328979492
2025-06-18,TQQQ,2831,36.32095718383789
2025-06-20,TQQQ,2831,35.82158279418945
2025-06-23,TQQQ,2831,36.93404769897461
2025-06-24,TQQQ,2831,38.61511993408203
2025-06-25,TQQQ,2831,38.91162109375
2025-06-26,TQQQ,2831,39.977622985839844
2025-06-27,TQQQ,2831,40.36931610107422
2025-06-30,TQQQ,2831,41.15270233154297
2025-07-01,UVXY,1216,93.5999984741211
2025-07-02,TQQQ,2855,40.90480041503906
2025-07-03,UVXY,1302,92.25
2025-07-07,UVXY,1302,93.3499984741211
2025-07-08,TQQQ,2860,41.16757583618164
2025-07-09,TQQQ,2860,42.020381927490234
2025-07-10,TQQQ,2860,41.8270149230957
2025-07-11,TQQQ,2860,41.50969696044922
2025-07-14,TQQQ,2860,41.95096969604492
2025-07-15,TQQQ,2860,42.06005096435547
2025-07-16,TQQQ,2860,42.179046630859375
2025-07-17,TQQQ,2860,43.16075897216797
2025-07-18,TQQQ,2860,43.01201629638672
2025-07-21,TQQQ,2860,43.66648864746094
2025-07-22,UVXY,1495,83.5999984741211
2025-07-23,TQQQ,2825,43.55245590209961
2025-07-24,TQQQ,2825,43.84002685546875
2025-07-25,TQQQ,2825,44.08793258666992
2025-07-28,UVXY,1680,73.94999694824219
2025-07-29,UVXY,1680,76.5
2025-07-30,TQQQ,2869,44.4697151184082
2025-07-31,TQQQ,2869,43.73590850830078
2025-08-01,TQQQ,2869,41.113037109375
2025-08-04,TQQQ,2869,43.364044189453125
2025-08-05,TQQQ,2869,42.4616584777832
2025-08-06,TQQQ,2869,44.04827117919922
2025-08-07,TQQQ,2869,44.49449920654297
2025-08-08,TQQQ,2869,45.694374084472656
2025-08-11,TQQQ,2869,45.29276657104492
2025-08-12,TQQQ,2869,46.96366882324219
2025-08-13,TQQQ,2869,47.033077239990234
2025-08-14,TQQQ,2869,46.904170989990234
2025-08-15,TQQQ,2869,46.239776611328125
2025-08-18,TQQQ,2869,46.18028259277344
2025-08-19,TQQQ,2869,44.296173095703125
2025-08-20,TQQQ,2869,43.48799514770508
2025-08-21,TQQQ,2869,42.88310241699219
2025-08-22,TQQQ,2869,44.811824798583984
2025-08-25,TQQQ,2869,44.420127868652344
2025-08-26,TQQQ,2869,44.93577575683594
2025-08-27,TQQQ,2869,45.13906478881836
2025-08-28,TQQQ,2869,45.96211624145508
2025-08-29,TQQQ,2869,44.30609130859375
2025-09-02,TQQQ,2869,43.17563247680664
2025-09-03,TQQQ,2869,44.1821403503418
2025-09-04,TQQQ,2869,45.37705612182617
2025-09-05,TQQQ,2869,45.52580261230469
2025-09-08,TQQQ,2869,46.17531967163086
2025-09-09,TQQQ,2869,46.55213928222656
2025-09-10,TQQQ,2869,46.601715087890625
2025-09-11,TQQQ,2869,47.385108947753906
2025-09-12,TQQQ,2869,47.97513198852539
2025-09-15,TQQQ,2869,49.199790954589844
2025-09-16,UVXY,2600,55.75
2025-09-17,UVXY,2600,52.75
2025-09-18,UVXY,2600,52.70000076293945
2025-09-19,UVXY,2600,52.54999923706055
2025-09-22,UVXY,2600,53.95000076293945
2025-09-23,UVXY,2600,54.79999923706055
2025-09-24,UVXY,2600,53.849998474121094
2025-09-25,TQQQ,2932,49.653785705566406
2025-09-26,TQQQ,2932,50.249332427978516
2025-09-29,TQQQ,2932,50.9193229675293
2025-09-30,TQQQ,2932,51.31635665893555
2025-10-01,TQQQ,2932,52.04093933105469
2025-10-02,TQQQ,2932,52.676185607910156
2025-10-03,TQQQ,2932,51.961524963378906
2025-10-06,TQQQ,2932,53.12284851074219
2025-10-07,TQQQ,2932,52.2642707824707
2025-10-08,TQQQ,2932,54.03601837158203
2025-10-09,TQQQ,2932,53.82261657714844
2025-10-10,TQQQ,2932,48.174842834472656
2025-10-13,TQQQ,2932,51.231990814208984
2025-10-14,TQQQ,2932,50.18977737426758
2025-10-15,TQQQ,2932,51.21709442138672
2025-10-16,TQQQ,2932,50.646366119384766
2025-10-17,TQQQ,2932,51.60916519165039
2025-10-20,TQQQ,2932,53.54469680786133
2025-10-21,TQQQ,2932,53.485137939453125
2025-10-22,TQQQ,2932,51.91189956665039
2025-10-23,TQQQ,2932,53.21218490600586
2025-10-24,TQQQ,2932,54.86979293823242
2025-10-27,TQQQ,2932,57.78301239013672
2025-10-28,TQQQ,2932,59.10314178466797
2025-10-29,UVXY,3497,52.04999923706055
2025-10-30,UVXY,3497,52.95000076293945
2025-10-31,TQQQ,3009,57.92693328857422
2025-11-03,TQQQ,3009,58.72100067138672
2025-11-04,TQQQ,3009,55.12785720825195
2025-11-05,TQQQ,3009,56.19984817504883
2025-11-06,TQQQ,3009,53.048404693603516
2025-11-07,TQQQ,3010,52.49752426147461
2025-11-10,TQQQ,3010,55.93680953979492
2025-11-11,TQQQ,3010,55.47526550292969
2025-11-12,TQQQ,3010,55.36111831665039
2025-11-13,TQQQ,3010,51.941680908203125
2025-11-14,TQQQ,3010,51.981380462646484
2025-11-17,TQQQ,3010,50.646366119384766
2025-11-18,TQQQ,3010,48.81505584716797
2025-11-19,TQQQ,3010,49.653785705566406
2025-11-20,TQQQ,3010,46.10531234741211
2025-11-21,TQQQ,3010,47.12766647338867
2025-11-24,TQQQ,3010,50.700958251953125
2025-11-25,TQQQ,3010,51.624053955078125
2025-11-26,TQQQ,3010,52.973960876464844
2025-11-28,TQQQ,3010,54.13528060913086
2025-12-01,TQQQ,3010,53.64891815185547
2025-12-02,TQQQ,3010,54.889644622802734
2025-12-03,TQQQ,3010,55.2767448425293
2025-12-04,TQQQ,3010,55.098079681396484
2025-12-05,TQQQ,3010,55.73333740234375
2025-12-08,UVXY,3782,45.70000076293945
2025-12-09,UVXY,3782,45.91999816894531
2025-12-10,UVXY,3782,43.13999938964844
2025-12-11,UVXY,3782,42.209999084472656
2025-12-12,TQQQ,2886,52.428043365478516
2025-12-15,TQQQ,2886,51.63398361206055
2025-12-16,TQQQ,2886,51.941680908203125
2025-12-17,TQQQ,2886,49.033424377441406
2025-12-18,TQQQ,2886,51.12776565551758
2025-12-19,TQQQ,2886,53.12284851074219
2025-12-22,TQQQ,2886,53.847434997558594
2025-12-23,TQQQ,2886,54.60179138183594
2025-12-24,TQQQ,2886,55.035240173339844
2025-12-26,TQQQ,2886,54.985530853271484
2025-12-29,TQQQ,2886,54.17034149169922
2025-12-30,TQQQ,2886,53.78262710571289
2025-12-31,TQQQ,2886,52.41072463989258
2026-01-02,TQQQ,2886,52.04289245605469
2026-01-05,TQQQ,2886,53.285560607910156
2026-01-06,TQQQ,2886,54.687286376953125
2026-01-07,TQQQ,2886,54.846351623535156
2026-01-08,TQQQ,2886,53.872100830078125
2026-01-09,TQQQ,2886,55.432884216308594
2026-01-12,TQQQ,2886,55.56212615966797
2026-01-13,TQQQ,2886,55.273826599121094
2026-01-14,TQQQ,2886,53.51421356201172
2026-01-15,TQQQ,2886,54.06098937988281
2026-01-16,TQQQ,2886,53.822391510009766
2026-01-20,TQQQ,2886,50.432395935058594
2026-01-21,TQQQ,2886,52.4206657409668
2026-01-22,TQQQ,2886,53.58380126953125
2026-01-23,TQQQ,2886,54.06098937988281
2026-01-26,TQQQ,2886,54.75688171386719
2026-01-27,TQQQ,2886,56.208316802978516
2026-01-28,TQQQ,2886,56.72526550292969
2026-01-29,TQQQ,2886,55.711246490478516
2026-01-30,TQQQ,2886,53.68321228027344
2026-02-02,TQQQ,2886,54.77676010131836
2026-02-03,TQQQ,2886,52.21189498901367
2026-02-04,TQQQ,2886,49.46808624267578
2026-02-05,TQQQ,2886,47.36052322387695
2026-02-06,TQQQ,2886,50.29322052001953
2026-02-09,TQQQ,2886,51.43647384643555
2026-02-10,TQQQ,2886,50.72069549560547
2026-02-11,TQQQ,2886,51.09846878051758
2026-02-12,TQQQ,2886,47.97688674926758
2026-02-13,TQQQ,2886,48.1856575012207
2026-02-17,TQQQ,2886,48.06635665893555
2026-02-18,TQQQ,2886,49.100257873535156
2026-02-19,TQQQ,2886,48.54354476928711
2026-02-20,TQQQ,2886,49.76633071899414
2026-02-23,TQQQ,2886,47.95700454711914
2026-02-24,TQQQ,2886,49.48796844482422
2026-02-25,TQQQ,2886,51.56570816040039
2026-02-26,TQQQ,2886,49.756385803222656
2026-02-27,TQQQ,2886,49.229496002197266
2026-03-02,TQQQ,2886,49.40843963623047
2026-03-03,TQQQ,2886,47.81782531738281
2026-03-04,TQQQ,2886,49.965152740478516
2026-03-05,TQQQ,2886,49.507850646972656
2026-03-06,TQQQ,2886,47.2611083984375
2026-03-09,TQQQ,2886,49.100257873535156
2026-03-10,TQQQ,2886,49.110198974609375
2026-03-11,TQQQ,2886,49.060489654541016
2026-03-12,TQQQ,2886,46.55527877807617
2026-03-13,TQQQ,2886,45.66055679321289
2026-03-16,TQQQ,2886,47.18157958984375
2026-03-17,TQQQ,2886,47.877471923828125
2026-03-18,TQQQ,2886,45.82955551147461
2026-03-19,TQQQ,2886,45.42196273803711
2026-03-20,TQQQ,2886,42.82727813720703
2026-03-23,TQQQ,2886,44.308536529541016
2026-03-24,TQQQ,2886,43.364105224609375
2026-03-25,TQQQ,2886,44.20254898071289
2026-03-26,TQQQ,2886,41.0558967590332
2026-03-27,TQQQ,2886,38.616241455078125
2026-03-30,TQQQ,2886,37.72999954223633
2026-03-31,TQQQ,2886,41.503997802734375
2026-04-01,TQQQ,2886,43.04745101928711
2026-04-02,TQQQ,2886,43.14703369140625
2026-04-06,TQQQ,2886,43.91377639770508
2026-04-07,TQQQ,2886,43.96356964111328
2026-04-08,TQQQ,2886,47.79730987548828
2026-04-09,TQQQ,2886,48.75325393676758
2026-04-10,TQQQ,2886,48.96236801147461
2026-04-13,TQQQ,2886,50.446075439453125
2026-04-14,UVXY,3889,38.7599983215332
2026-04-15,UVXY,3889,38.95000076293945
2026-04-16,UVXY,3889,38.849998474121094
2026-04-17,UVXY,3889,38.150001525878906
2026-04-20,UVXY,3889,38.79999923706055
2026-04-21,UVXY,3889,39.849998474121094
2026-04-22,UVXY,3889,39.36000061035156
2026-04-23,UVXY,3889,38.970001220703125
2026-04-24,UVXY,3889,39.720001220703125
2026-04-27,UVXY,3889,37.86000061035156
2026-04-28,UVXY,3889,36.650001525878906
2026-04-29,TQQQ,2365,61.598785400390625
2026-04-30,TQQQ,2365,63.271690368652344
2026-05-01,TQQQ,2365,65.02426147460938
2026-05-04,TQQQ,2365,64.63591003417969
2026-05-05,TQQQ,2365,67.10542297363281
2026-05-06,UVXY,4530,36.369998931884766
2026-05-07,UVXY,4530,35.84000015258789
2026-05-08,UVXY,4530,36.099998474121094
2026-05-11,UVXY,4530,36.97999954223633
