date,symbol,shares,price,commission,reason
2020-01-17,TQQQ,2107,11.855406678403767,10.535,rebalance
2020-01-21,TQQQ,-2107,11.772199296546553,10.535,rebalance
2020-01-27,TQQQ,2260,10.968419746210884,11.3,rebalance
2020-02-11,TQQQ,-2260,13.39722032339805,11.3,rebalance
2020-02-11,UVXY,1,27802.78,1.0,rebalance
2020-02-12,UVXY,-1,27722.2275,1.0,rebalance
2020-02-12,TQQQ,2248,13.422491534574469,11.24,rebalance
2020-02-18,TQQQ,-2248,13.423373676945051,11.24,rebalance
2020-02-18,UVXY,1,27352.735,1.0,rebalance
2020-02-21,UVXY,-1,29547.045000000002,1.0,rebalance
2020-02-21,TQQQ,2406,13.442704534094702,12.030000000000001,rebalance
2020-04-17,TQQQ,-2406,8.044274848010765,12.030000000000001,rebalance
2020-04-22,TQQQ,2664,7.256396850160378,13.32,rebalance
2020-06-01,TQQQ,-2664,9.754888826026402,13.32,rebalance
2020-06-03,TQQQ,2534,10.243137983164763,12.67,rebalance
2020-06-04,TQQQ,-2534,10.250598285348486,12.67,rebalance
2020-06-05,TQQQ,2541,10.213411950039168,12.705,rebalance
2020-06-08,TQQQ,-2541,10.650018787363148,12.705,rebalance
2020-06-12,TQQQ,2575,10.49758136662389,12.875,rebalance
2020-08-07,TQQQ,-2575,15.527463429748952,12.875,rebalance
2020-08-10,TQQQ,2641,15.132258174464289,13.205,rebalance
2020-08-26,TQQQ,-2641,17.744483527583256,13.205,rebalance
2020-09-04,TQQQ,2709,17.285517709289206,13.545,rebalance
2020-12-03,TQQQ,-2709,19.648861105984466,13.545,rebalance
2020-12-03,UVXY,1,27502.75,1.0,rebalance
2020-12-10,UVXY,-1,28147.185,1.0,rebalance
2020-12-10,TQQQ,2884,18.6718746858401,14.42,rebalance
2020-12-29,TQQQ,-2884,21.67686983173434,14.42,rebalance
2020-12-29,UVXY,2,26202.62,1.0,rebalance
2020-12-31,UVXY,-2,26622.3375,1.0,rebalance
2020-12-31,TQQQ,2954,21.433899425544553,14.77,rebalance
2021-02-16,TQQQ,-2954,26.380756574317612,14.77,rebalance
2021-02-16,UVXY,3,23677.3675,1.0,rebalance
2021-02-18,UVXY,-3,24122.5875,1.0,rebalance
2021-02-18,TQQQ,3202,24.745227492852536,16.01,rebalance
2021-04-09,TQQQ,-3201,24.730767717925694,16.005,rebalance
2021-04-09,UVXY,6,12326.2325,1.0,rebalance
2021-04-12,TQQQ,-1,25.27284298037245,1.0,rebalance
2021-04-20,UVXY,-6,12073.7925,1.0,rebalance
2021-04-20,TQQQ,3022,25.69404658421089,15.11,rebalance
2021-05-27,TQQQ,-3022,24.338484044205078,15.11,rebalance
2021-05-27,UVXY,7,9350.935,1.0,rebalance
2021-05-28,UVXY,-7,8686.63125,1.0,rebalance
2021-05-28,TQQQ,2817,24.4408500022641,14.085,rebalance
2021-06-18,TQQQ,-2817,26.487749002137257,14.085,rebalance
2021-06-18,UVXY,8,8465.8465,1.0,rebalance
2021-06-21,UVXY,-8,8489.151,1.0,rebalance
2021-06-21,TQQQ,2843,26.307563613628957,14.215,rebalance
2021-06-30,TQQQ,-2843,29.217117580131553,14.215,rebalance
2021-06-30,UVXY,11,7170.717,1.0,rebalance
2021-07-02,UVXY,-11,6569.343,1.0,rebalance
2021-07-02,TQQQ,2578,29.63910404050985,12.89,rebalance
2021-07-06,TQQQ,-2578,30.30125593934414,12.89,rebalance
2021-07-06,UVXY,11,6695.6695,1.0,rebalance
2021-07-16,UVXY,-11,6691.83075,1.0,rebalance
2021-07-16,TQQQ,2531,30.83285162332419,12.655000000000001,rebalance
2021-09-02,TQQQ,-2531,36.126135552946195,12.655000000000001,rebalance
2021-09-02,UVXY,17,5160.516,1.0,rebalance
2021-09-09,UVXY,-17,5531.94675,1.0,rebalance
2021-09-09,TQQQ,2726,35.8432479004383,13.63,rebalance
2021-09-15,TQQQ,1,34.359393814435336,1.0,rebalance
2021-10-19,TQQQ,-2727,33.53227980989818,13.635,rebalance
2021-10-19,UVXY,20,4362.93625,1.0,rebalance
2021-10-21,UVXY,-20,4324.5675,1.0,rebalance
2021-10-21,TQQQ,2695,33.63410243354387,13.475,rebalance
2021-10-26,TQQQ,-2695,35.263108528810825,13.475,rebalance
2021-10-26,UVXY,24,3947.89475,1.0,rebalance
2021-11-11,UVXY,-24,4019.598,1.0,rebalance
2021-11-11,TQQQ,2499,38.701578201371554,12.495000000000001,rebalance
2022-03-29,TQQQ,-2499,29.252779213933763,12.495000000000001,rebalance
2022-03-29,UVXY,23,3175.3175,1.0,rebalance
2022-03-31,UVXY,-23,3159.684,1.0,rebalance
2022-03-31,TQQQ,2521,28.840108614380064,12.605,rebalance
2022-04-13,TQQQ,1,22.66688273074586,1.0,rebalance
2023-01-13,TQQQ,-2522,9.162652304155726,12.61,rebalance
2023-01-13,UVXY,16,1410.141,1.0,rebalance
2023-01-17,UVXY,-16,1374.8625,1.0,rebalance
2023-01-17,TQQQ,2348,9.589959389391304,11.74,rebalance
2023-01-23,TQQQ,-2348,9.82224671044435,11.74,rebalance
2023-01-23,UVXY,16,1365.1365,1.0,rebalance
2023-01-25,UVXY,-16,1332.36675,1.0,rebalance
2023-01-25,TQQQ,2290,9.828993916965981,11.450000000000001,rebalance
2023-02-03,TQQQ,-2290,12.049580072304774,11.450000000000001,rebalance
2023-02-03,UVXY,21,1255.1254999999999,1.0,rebalance
2023-02-06,UVXY,-21,1244.8755,1.0,rebalance
2023-02-06,TQQQ,2302,11.879884358543926,11.51,rebalance
2023-03-02,TQQQ,1,10.044120950582027,1.0,rebalance
2023-03-27,TQQQ,-2303,12.49481281902545,11.515,rebalance
2023-03-27,UVXY,21,1310.131,1.0,rebalance
2023-03-28,UVXY,-21,1279.872,1.0,rebalance
2023-03-28,TQQQ,2325,12.08858816859451,11.625,rebalance
2023-05-18,TQQQ,-2325,14.614942329771285,11.625,rebalance
2023-05-18,UVXY,41,822.58225,1.0,rebalance
2023-05-24,UVXY,-41,864.9135,1.0,rebalance
2023-05-24,TQQQ,2452,14.555353037202002,12.26,rebalance
2023-05-30,TQQQ,-2452,17.45620385581506,12.26,rebalance
2023-05-30,UVXY,56,755.0755,1.0,rebalance
2023-06-01,UVXY,-56,744.9255,1.0,rebalance
2023-06-01,TQQQ,2527,16.70475974225591,12.635,rebalance
2023-06-15,TQQQ,-2527,19.105190138283017,12.635,rebalance
2023-06-15,UVXY,89,537.55375,1.0,rebalance
2023-06-20,UVXY,-89,542.44575,1.0,rebalance
2023-06-20,TQQQ,2513,19.373477419373607,12.565,rebalance
2023-07-17,TQQQ,-2513,21.35514115342608,12.565,rebalance
2023-07-17,UVXY,123,435.293525,1.0,rebalance
2023-07-21,UVXY,-123,426.95730000000003,1.0,rebalance
2023-07-21,TQQQ,2485,21.166465939268292,12.425,rebalance
2023-08-18,TQQQ,1,17.138661123490053,1.0,rebalance
2023-11-09,TQQQ,-2486,19.039534692605113,12.43,rebalance
2023-11-09,UVXY,154,306.53065,1.0,rebalance
2023-11-22,UVXY,-154,260.9739,1.0,rebalance
2023-11-22,TQQQ,1867,21.57503315689133,9.335,rebalance
2023-11-27,TQQQ,-1866,21.29969454432425,9.33,rebalance
2023-11-27,UVXY,155,255.775575,1.0,rebalance
2023-11-28,UVXY,-155,253.47465,1.0,rebalance
2023-11-28,TQQQ,1857,21.20229845819664,9.285,rebalance
2023-11-29,TQQQ,-1857,21.89498344740906,9.285,rebalance
2023-11-29,UVXY,164,246.52465,1.0,rebalance
2023-11-30,UVXY,-164,252.9747,1.0,rebalance
2023-11-30,TQQQ,1944,21.444336193967043,9.72,rebalance
2023-12-19,TQQQ,-1945,24.40195979278308,9.725,rebalance
2023-12-19,UVXY,208,227.272725,1.04,rebalance
2023-12-21,UVXY,-208,245.225475,1.04,rebalance
2023-12-21,TQQQ,2110,24.256307533176866,10.55,rebalance
2024-01-19,TQQQ,-2110,25.432674571217188,10.55,rebalance
2024-01-19,UVXY,267,200.270025,1.335,rebalance
2024-01-23,UVXY,1,185.268525,1.0,rebalance
2024-01-29,UVXY,-268,189.231075,1.34,rebalance
2024-01-29,TQQQ,1875,27.03735185022013,9.375,rebalance
2024-01-30,TQQQ,-1875,27.55692925972013,9.375,rebalance
2024-01-30,UVXY,272,189.268925,1.36,rebalance
2024-01-31,UVXY,-272,187.231275,1.36,rebalance
2024-01-31,TQQQ,1939,26.346950095762644,9.695,rebalance
2024-05-15,TQQQ,-1939,30.095620879817723,9.695,rebalance
2024-05-15,UVXY,439,132.81328305206299,2.195,rebalance
2024-05-30,UVXY,-439,135.83642110290526,2.195,rebalance
2024-05-30,TQQQ,1903,31.350796251550253,9.515,rebalance
2024-06-13,TQQQ,-1903,35.89130821865391,9.515,rebalance
2024-06-13,UVXY,580,117.71176694793701,2.9,rebalance
2024-06-24,UVXY,-580,124.88751152572632,2.9,rebalance
2024-06-24,TQQQ,2011,36.02047830673891,10.055,rebalance
2024-07-10,TQQQ,-2011,40.80332944975734,10.055,rebalance
2024-07-10,UVXY,761,107.71076694793702,3.805,rebalance
2024-07-12,UVXY,-761,105.38946152572632,3.805,rebalance
2024-07-12,TQQQ,2061,38.94530085746767,10.305,rebalance
2024-08-20,TQQQ,-2061,34.72102896806658,10.305,rebalance
2024-08-20,UVXY,648,110.3610334739685,3.24,rebalance
2024-08-23,UVXY,-648,120.58793847427368,3.24,rebalance
2024-08-23,TQQQ,2273,34.38509943816957,11.365,rebalance
2024-08-26,TQQQ,-2273,34.412504549173946,11.365,rebalance
2024-08-26,UVXY,691,113.1613165260315,3.455,rebalance
2024-08-27,UVXY,-691,116.48835,3.455,rebalance
2024-08-27,TQQQ,2426,33.17526077241743,12.13,rebalance
2024-09-23,TQQQ,-2426,34.58391106648607,12.13,rebalance
2024-09-23,UVXY,724,115.86158347396851,3.62,rebalance
2024-09-30,UVXY,-724,129.987,3.62,rebalance
2024-09-30,TQQQ,2680,35.11499201959707,13.4,rebalance
2024-11-15,TQQQ,-2680,37.96239793745328,13.4,rebalance
2024-11-15,UVXY,995,102.21021694793701,4.9750000000000005,rebalance
2024-11-18,UVXY,-995,109.18907694854737,4.9750000000000005,rebalance
2024-11-18,TQQQ,2950,36.82012958242213,14.75,rebalance
2024-12-03,TQQQ,-2950,40.187967796388314,14.75,rebalance
2024-12-03,UVXY,1228,96.50965,6.140000000000001,rebalance
2024-12-10,UVXY,-1228,95.44045194854736,6.140000000000001,rebalance
2024-12-10,TQQQ,2765,42.3827101960361,13.825000000000001,rebalance
2024-12-20,TQQQ,1,38.849586879316945,1.0,rebalance
2025-05-02,TQQQ,-2766,28.990578097564175,13.83,rebalance
2025-05-02,UVXY,559,143.26432499999999,2.795,rebalance
2025-05-09,UVXY,-559,135.43645194854736,2.795,rebalance
2025-05-09,TQQQ,2562,29.569977015903365,12.81,rebalance
2025-05-13,TQQQ,-2562,32.960469346016254,12.81,rebalance
2025-05-13,UVXY,796,106.06060805206299,3.98,rebalance
2025-05-22,UVXY,-796,119.88801152572631,3.98,rebalance
2025-05-22,TQQQ,2831,33.70383908396074,14.155000000000001,rebalance
2025-07-01,TQQQ,-2831,40.71231640813932,14.155000000000001,rebalance
2025-07-01,UVXY,1216,94.70946694793702,6.08,rebalance
2025-07-02,UVXY,-1216,93.64063652572632,6.08,rebalance
2025-07-02,TQQQ,2855,39.897325138969386,14.275,rebalance
2025-07-03,TQQQ,-2855,41.3915165439827,14.275,rebalance
2025-07-03,UVXY,1302,90.759075,6.51,rebalance
2025-07-08,UVXY,-1302,90.94090194854736,6.51,rebalance
2025-07-08,TQQQ,2860,41.394834234240214,14.3,rebalance
2025-07-22,TQQQ,-2860,43.69187163789354,14.3,rebalance
2025-07-22,UVXY,1495,83.55835805206299,7.4750000000000005,rebalance
2025-07-23,UVXY,-1495,81.69182694854736,7.4750000000000005,rebalance
2025-07-23,TQQQ,2825,43.229541979273606,14.125,rebalance
2025-07-28,TQQQ,-2825,44.41568731042208,14.125,rebalance
2025-07-28,UVXY,1680,74.6574665260315,8.4,rebalance
2025-07-30,UVXY,-1680,75.9924,8.4,rebalance
2025-07-30,TQQQ,2869,44.49895308621187,14.345,rebalance
2025-09-16,TQQQ,-2869,49.41300868552276,14.345,rebalance
2025-09-16,UVXY,2600,54.505449999999996,13.0,rebalance
2025-09-25,UVXY,-2600,55.64443652572632,13.0,rebalance
2025-09-25,TQQQ,2932,49.336129764862925,14.66,rebalance
2025-10-29,TQQQ,-2932,59.83166617596207,14.66,rebalance
2025-10-29,UVXY,3497,50.155016526031496,17.485,rebalance
2025-10-31,UVXY,-3497,51.044894237136845,17.485,rebalance
2025-10-31,TQQQ,3009,59.307584230834394,15.045,rebalance
2025-11-07,TQQQ,1,52.125555060704855,1.0,rebalance
2025-12-08,TQQQ,-3010,56.1446006694244,15.05,rebalance
2025-12-08,UVXY,3782,44.674465168762204,18.91,rebalance
2025-12-12,UVXY,-3782,41.755822321701054,18.91,rebalance
2025-12-12,TQQQ,2886,54.706521194932826,14.43,rebalance
2026-04-14,TQQQ,-2886,51.1678756732237,14.43,rebalance
2026-04-14,UVXY,3889,37.963795084381104,19.445,rebalance
2026-04-29,UVXY,-3889,36.95630308456421,19.445,rebalance
2026-04-29,TQQQ,2365,60.74849054214088,11.825000000000001,rebalance
2026-05-06,TQQQ,-2365,68.96063675143662,11.825000000000001,rebalance
2026-05-06,UVXY,4530,35.99360067863464,22.650000000000002,rebalance
