date,equity,cash
2019-01-02,100000.0,100000.0
2019-01-03,100000.0,100000.0
2019-01-04,100000.0,100000.0
2019-01-07,100000.0,100000.0
2019-01-08,100000.0,100000.0
2019-01-09,100000.0,100000.0
2019-01-10,100000.0,100000.0
2019-01-11,100000.0,100000.0
2019-01-14,100000.0,100000.0
2019-01-15,100000.0,100000.0
2019-01-16,100000.0,100000.0
2019-01-17,100000.0,100000.0
2019-01-18,100000.0,100000.0
2019-01-22,100000.0,100000.0
2019-01-23,100000.0,100000.0
2019-01-24,100000.0,100000.0
2019-01-25,100000.0,100000.0
2019-01-28,100000.0,100000.0
2019-01-29,100000.0,100000.0
2019-01-30,100000.0,100000.0
2019-01-31,100000.0,100000.0
2019-02-01,100000.0,100000.0
2019-02-04,100000.0,100000.0
2019-02-05,100000.0,100000.0
2019-02-06,100000.0,100000.0
2019-02-07,100000.0,100000.0
2019-02-08,100000.0,100000.0
2019-02-11,100000.0,100000.0
2019-02-12,100000.0,100000.0
2019-02-13,100000.0,100000.0
2019-02-14,100000.0,100000.0
2019-02-15,100000.0,100000.0
2019-02-19,100000.0,100000.0
2019-02-20,100000.0,100000.0
2019-02-21,100000.0,100000.0
2019-02-22,100000.0,100000.0
2019-02-25,100000.0,100000.0
2019-02-26,100000.0,100000.0
2019-02-27,100000.0,100000.0
2019-02-28,100000.0,100000.0
2019-03-01,100000.0,100000.0
2019-03-04,100000.0,100000.0
2019-03-05,100000.0,100000.0
2019-03-06,100000.0,100000.0
2019-03-07,100000.0,100000.0
2019-03-08,100000.0,100000.0
2019-03-11,100000.0,100000.0
2019-03-12,100000.0,100000.0
2019-03-13,100000.0,100000.0
2019-03-14,100000.0,100000.0
2019-03-15,100000.0,100000.0
2019-03-18,100000.0,100000.0
2019-03-19,100000.0,100000.0
2019-03-20,100000.0,100000.0
2019-03-21,100000.0,100000.0
2019-03-22,100000.0,100000.0
2019-03-25,100000.0,100000.0
2019-03-26,100000.0,100000.0
2019-03-27,100000.0,100000.0
2019-03-28,100000.0,100000.0
2019-03-29,100000.0,100000.0
2019-04-01,100000.0,100000.0
2019-04-02,100000.0,100000.0
2019-04-03,100000.0,100000.0
2019-04-04,100000.0,100000.0
2019-04-05,100000.0,100000.0
2019-04-08,100000.0,100000.0
2019-04-09,100000.0,100000.0
2019-04-10,100000.0,100000.0
2019-04-11,100000.0,100000.0
2019-04-12,100000.0,100000.0
2019-04-15,100000.0,100000.0
2019-04-16,100000.0,100000.0
2019-04-17,100000.0,100000.0
2019-04-18,100000.0,100000.0
2019-04-22,100000.0,100000.0
2019-04-23,100000.0,100000.0
2019-04-24,100000.0,100000.0
2019-04-25,100000.0,100000.0
2019-04-26,100000.0,100000.0
2019-04-29,100000.0,100000.0
2019-04-30,100000.0,100000.0
2019-05-01,100000.0,100000.0
2019-05-02,100000.0,100000.0
2019-05-03,100000.0,100000.0
2019-05-06,100000.0,100000.0
2019-05-07,100000.0,100000.0
2019-05-08,100000.0,100000.0
2019-05-09,100000.0,100000.0
2019-05-10,100000.0,100000.0
2019-05-13,100000.0,100000.0
2019-05-14,100000.0,100000.0
2019-05-15,100000.0,100000.0
2019-05-16,100000.0,100000.0
2019-05-17,100000.0,100000.0
2019-05-20,100000.0,100000.0
2019-05-21,100000.0,100000.0
2019-05-22,100000.0,100000.0
2019-05-23,100000.0,100000.0
2019-05-24,100000.0,100000.0
2019-05-28,100000.0,100000.0
2019-05-29,100000.0,100000.0
2019-05-30,100000.0,100000.0
2019-05-31,100000.0,100000.0
2019-06-03,100000.0,100000.0
2019-06-04,100896.81063297496,68.20209720835555
2019-06-05,101577.27999332652,68.20209720835555
2019-06-06,102134.04192569957,68.20209720835555
2019-06-07,103016.20522526011,68.20209720835555
2019-06-10,103029.43866947398,68.20209720835555
2019-06-11,102974.64940860972,68.20209720835555
2019-06-12,103010.38175419078,68.20209720835555
2019-06-13,103496.35010746226,68.20209720835555
2019-06-14,103407.33687809214,68.20209720835555
2019-06-17,103414.71254947886,68.20209720835555
2019-06-18,104323.89473942027,68.20209720835555
2019-06-19,104679.47634342418,68.20209720835555
2019-06-20,106171.31437137828,68.20209720835555
2019-06-21,106279.5704748939,68.20209720835555
2019-06-24,106676.90531376109,68.20209720835555
2019-06-25,106025.58576420054,68.20209720835555
2019-06-26,105647.55137089,68.20209720835555
2019-06-27,105872.49259403453,68.20209720835555
2019-06-28,106334.98897770152,68.20209720835555
2019-07-01,106356.34681156382,68.20209720835555
2019-07-02,107450.26502663197,122.76541573108352
2019-07-03,109011.18612343373,122.76541573108352
2019-07-05,107461.7119794518,122.76541573108352
2019-07-08,108315.3479962975,122.76541573108352
2019-07-09,108754.29170662464,122.76541573108352
2019-07-10,109129.66695839466,122.76541573108352
2019-07-11,108030.14048439564,122.76541573108352
2019-07-12,108912.48947578968,122.76541573108352
2019-07-15,108034.23789650502,122.76541573108352
2019-07-16,106142.9833188683,122.76541573108352
2019-07-17,106785.96277290882,122.76541573108352
2019-07-18,108477.90034920277,122.76541573108352
2019-07-19,107534.01053291859,122.76541573108352
2019-07-22,107455.840870443,122.76541573108352
2019-07-23,107049.17358833851,122.76541573108352
2019-07-24,107353.83423286976,122.76541573108352
2019-07-25,106976.7171369225,122.76541573108352
2019-07-26,107253.34778267445,122.76541573108352
2019-07-29,107099.35503059925,122.76541573108352
2019-07-30,107217.38171822132,122.76541573108352
2019-07-31,106796.5172238976,122.76541573108352
2019-08-01,107845.23148781361,122.76541573108352
2019-08-02,107563.4138299477,18.884380484811572
2019-08-05,108406.73167052388,18.884380484811572
2019-08-06,108981.1822625649,18.884380484811572
2019-08-07,110133.3346063149,18.884380484811572
2019-08-08,111113.83228697896,18.884380484811572
2019-08-09,110577.43986144185,18.884380484811572
2019-08-12,110154.24421324849,18.884380484811572
2019-08-13,109941.41404357075,18.884380484811572
2019-08-14,108366.13735594868,18.884380484811572
2019-08-15,109104.55161681294,18.884380484811572
2019-08-16,109391.76301207661,18.884380484811572
2019-08-19,109792.93815245747,18.884380484811572
2019-08-20,109747.85190978169,18.884380484811572
2019-08-21,109272.05833068013,18.884380484811572
2019-08-22,109107.4342156899,18.884380484811572
2019-08-23,109368.8073846352,18.884380484811572
2019-08-26,109727.87607970356,18.884380484811572
2019-08-27,109893.93729796528,18.884380484811572
2019-08-28,109595.90656676411,18.884380484811572
2019-08-29,109481.4933587563,18.884380484811572
2019-08-30,109434.01395812153,18.884380484811572
2019-09-03,110890.07365050435,18.884380484811572
2019-09-04,111825.36845068618,130.27405981703487
2019-09-05,109607.46026281996,130.27405981703487
2019-09-06,108911.64416174575,130.27405981703487
2019-09-09,108484.25339941664,130.27405981703487
2019-09-10,107641.38715796157,130.27405981703487
2019-09-11,108131.86666540786,130.27405981703487
2019-09-12,108257.95599035903,130.27405981703487
2019-09-13,107424.4052548854,130.27405981703487
2019-09-16,108182.9046903102,130.27405981703487
2019-09-17,108404.04981665297,130.27405981703487
2019-09-18,107892.7286191432,130.27405981703487
2019-09-19,108265.9316220729,130.27405981703487
2019-09-20,109344.52079443618,130.27405981703487
2019-09-23,109837.03100256606,130.27405981703487
2019-09-24,110372.18279699965,130.27405981703487
2019-09-25,108664.80045752211,130.27405981703487
2019-09-26,108681.45350317641,130.27405981703487
2019-09-27,108273.80546240493,130.27405981703487
2019-09-30,106990.26606421157,130.27405981703487
2019-10-01,107465.43340735121,130.27405981703487
2019-10-02,107097.06172743927,15.767232810365385
2019-10-03,107895.73842421662,15.767232810365385
2019-10-04,109163.41319838654,15.767232810365385
2019-10-07,108720.42333022247,15.767232810365385
2019-10-08,107291.3030299295,15.767232810365385
2019-10-09,108137.40410414826,15.767232810365385
2019-10-10,108709.92989150177,15.767232810365385
2019-10-11,109610.79701796662,15.767232810365385
2019-10-14,109533.3144740213,15.767232810365385
2019-10-15,110416.58260146271,15.767232810365385
2019-10-16,110282.17088881622,15.767232810365385
2019-10-17,110560.02464858185,15.767232810365385
2019-10-18,110153.98811904083,15.767232810365385
2019-10-21,110753.72450820099,15.767232810365385
2019-10-22,110472.8593958963,15.767232810365385
2019-10-23,110755.23204604279,15.767232810365385
2019-10-24,110911.86598769318,15.767232810365385
2019-10-25,111273.56432143341,15.767232810365385
2019-10-28,111776.05577651154,15.767232810365385
2019-10-29,111751.47112074982,15.767232810365385
2019-10-30,112096.63988295685,15.767232810365385
2019-10-31,111917.13039199005,15.767232810365385
2019-11-01,112790.1274012674,15.767232810365385
2019-11-04,113328.60032188217,71.43683921615957
2019-11-05,112752.16099082748,71.43683921615957
2019-11-06,112914.04381858627,71.43683921615957
2019-11-07,112624.72045432846,71.43683921615957
2019-11-08,112167.83611594955,71.43683921615957
2019-11-11,111943.21979820053,71.43683921615957
2019-11-12,112213.39106284897,71.43683921615957
2019-11-13,112343.19686424057,71.43683921615957
2019-11-14,112475.33014976303,71.43683921615957
2019-11-15,112686.09722434799,71.43683921615957
2019-11-18,112640.91498863022,71.43683921615957
2019-11-19,112543.32953941147,71.43683921615957
2019-11-20,112156.53051292221,71.43683921615957
2019-11-21,111513.25910484116,71.43683921615957
2019-11-22,111281.66622459213,71.43683921615957
2019-11-25,111559.32183372299,71.43683921615957
2019-11-26,111919.40377342026,71.43683921615957
2019-11-27,112396.4971877269,71.43683921615957
2019-11-29,112513.56338035385,71.43683921615957
2019-12-02,111444.99654685776,71.43683921615957
2019-12-03,111337.36075839234,63.24305972291404
2019-12-04,111828.45431002809,63.24305972291404
2019-12-05,111961.01066836549,63.24305972291404
2019-12-06,112734.43097933961,63.24305972291404
2019-12-09,112460.60653170777,63.24305972291404
2019-12-10,112344.79794558717,63.24305972291404
2019-12-11,112675.37987002564,63.24305972291404
2019-12-12,113327.12549075318,63.24305972291404
2019-12-13,113488.38580569459,63.24305972291404
2019-12-16,114038.6893716736,63.24305972291404
2019-12-17,114061.23078402711,63.24305972291404
2019-12-18,114035.72545108033,63.24305972291404
2019-12-19,114422.54364260865,63.24305972291404
2019-12-20,114825.38365420533,63.24305972291404
2019-12-23,114949.33732852174,63.24305972291404
2019-12-24,114974.91270693971,63.24305972291404
2019-12-26,115482.71778353883,63.24305972291404
2019-12-27,115494.0766321106,63.24305972291404
2019-12-30,114980.62874087525,63.24305972291404
2019-12-31,115176.3259378357,63.24305972291404
2020-01-02,116061.45556887818,63.24305972291404
2020-01-03,115448.75149783326,63.24305972291404
2020-01-06,115769.26903781129,63.24305972291404
2020-01-07,115491.28348788453,63.24305972291404
2020-01-08,115942.30371340943,63.24305972291404
2020-01-09,116594.79352053834,63.24305972291404
2020-01-10,116367.87501010133,63.24305972291404
2020-01-13,116989.13205966188,63.24305972291404
2020-01-14,116881.36075839234,63.24305972291404
2020-01-15,117128.18537387086,63.24305972291404
2020-01-16,117888.493776886,63.24305972291404
2020-01-17,118177.83052310182,63.24305972291404
2020-01-21,118053.01783236695,63.24305972291404
2020-01-22,118084.27961215211,63.24305972291404
2020-01-23,118234.65357455445,63.24305972291404
2020-01-24,117434.67135104371,63.24305972291404
2020-01-27,116019.10195407105,63.24305972291404
2020-01-28,116938.25575503541,63.24305972291404
2020-01-29,116929.74144992066,63.24305972291404
2020-01-30,117236.14326724244,63.24305972291404
2020-01-31,115610.6222558899,63.24305972291404
2020-02-03,116266.7589746399,63.24305972291404
2020-02-04,117527.32172649984,35.37995403890454
2020-02-05,119210.55408733968,35.37995403890454
2020-02-06,119695.5825297225,35.37995403890454
2020-02-07,119175.8272196639,35.37995403890454
2020-02-10,120052.84009808187,35.37995403890454
2020-02-11,120595.35248821859,35.37995403890454
2020-02-12,121424.146006285,35.37995403890454
2020-02-13,121193.96613567953,35.37995403890454
2020-02-14,121469.44349163656,35.37995403890454
2020-02-18,121012.97571819906,35.37995403890454
2020-02-19,121034.27521771078,35.37995403890454
2020-02-20,120551.81543987874,35.37995403890454
2020-02-21,119487.61646526937,35.37995403890454
2020-02-24,115810.95643108968,35.37995403890454
2020-02-25,112286.665537535,35.37995403890454
2020-02-26,111386.9781596053,35.37995403890454
2020-02-27,106746.11054485921,35.37995403890454
2020-02-28,106222.61243694906,35.37995403890454
2020-03-02,110642.84760540609,35.37995403890454
2020-03-03,112435.41440776674,23.02646831361926
2020-03-04,112558.29416850893,23.02646831361926
2020-03-05,114322.03998760073,23.02646831361926
2020-03-06,114609.51581767885,23.02646831361926
2020-03-09,114654.35228923647,23.02646831361926
2020-03-10,112524.7195759186,23.02646831361926
2020-03-11,111550.99157146303,23.02646831361926
2020-03-12,106572.27463725893,23.02646831361926
2020-03-13,105835.03615001528,23.02646831361926
2020-03-16,105415.12965587465,23.02646831361926
2020-03-17,105596.93252757876,23.02646831361926
2020-03-18,103343.26622203676,23.02646831361926
2020-03-19,102026.35786632387,23.02646831361926
2020-03-20,103624.08977702944,23.02646831361926
2020-03-23,107421.99630168764,23.02646831361926
2020-03-24,110918.41913799135,23.02646831361926
2020-03-25,110382.11461833803,23.02646831361926
2020-03-26,111494.74759105532,23.02646831361926
2020-03-27,111210.60177806704,23.02646831361926
2020-03-30,111575.63426402895,23.02646831361926
2020-03-31,108859.61065105288,23.02646831361926
2020-04-01,109731.21645549624,23.02646831361926
2020-04-02,112032.85534133346,181.74248732954584
2020-04-03,111941.95153273971,181.74248732954584
2020-04-06,116328.58745803268,181.74248732954584
2020-04-07,115929.02858962447,181.74248732954584
2020-04-08,116381.16881789596,181.74248732954584
2020-04-09,119023.09978713424,181.74248732954584
2020-04-13,120097.54430617721,181.74248732954584
2020-04-14,121826.13054885299,181.74248732954584
2020-04-15,120602.02440871627,181.74248732954584
2020-04-16,120705.99349440963,181.74248732954584
2020-04-17,120072.51262893112,181.74248732954584
2020-04-20,119992.739344019,181.74248732954584
2020-04-21,118302.07534255416,181.74248732954584
2020-04-22,120716.34780349166,181.74248732954584
2020-04-23,121547.68920363815,181.74248732954584
2020-04-24,121697.42721022994,181.74248732954584
2020-04-27,121675.32757033737,181.74248732954584
2020-04-28,121128.52807082565,181.74248732954584
2020-04-29,122574.68740310104,181.74248732954584
2020-04-30,120697.4126228276,181.74248732954584
2020-05-01,120192.23839797408,181.74248732954584
2020-05-04,120631.71415936429,219.16983258206346
2020-05-05,121293.00720440823,219.16983258206346
2020-05-06,120535.50955426175,219.16983258206346
2020-05-07,122545.8943961807,219.16983258206346
2020-05-08,122750.87602459866,219.16983258206346
2020-05-11,121139.11274945218,219.16983258206346
2020-05-12,120771.2953361221,219.16983258206346
2020-05-13,121024.72891461331,219.16983258206346
2020-05-14,122478.12465130765,219.16983258206346
2020-05-15,122562.69421612698,219.16983258206346
2020-05-18,123775.17151104886,219.16983258206346
2020-05-19,123868.44716107327,219.16983258206346
2020-05-20,124546.89116131741,219.16983258206346
2020-05-21,123073.20715558011,219.16983258206346
2020-05-22,123565.17680584866,219.16983258206346
2020-05-26,122990.00163495023,219.16983258206346
2020-05-27,124072.05307232816,219.16983258206346
2020-05-28,124515.00773846585,219.16983258206346
2020-05-29,125056.06674420316,219.16983258206346
2020-06-01,126180.98288189847,219.16983258206346
2020-06-02,125543.05777094283,113.92009088911982
2020-06-03,125186.46856806197,113.92009088911982
2020-06-04,125752.99260065475,113.92009088911982
2020-06-05,125629.77241632857,113.92009088911982
2020-06-08,126891.12298700729,113.92009088911982
2020-06-09,127112.17144892135,113.92009088911982
2020-06-10,127793.34285089889,113.92009088911982
2020-06-11,124186.02270624557,113.92009088911982
2020-06-12,124954.27040216842,113.92009088911982
2020-06-15,125262.42576715865,113.92009088911982
2020-06-16,126145.37666437545,113.92009088911982
2020-06-17,126012.43373224654,113.92009088911982
2020-06-18,125869.29022333541,113.92009088911982
2020-06-19,126112.47952387252,113.92009088911982
2020-06-22,127116.08062860885,113.92009088911982
2020-06-23,127772.81550714889,113.92009088911982
2020-06-24,126118.35586664596,113.92009088911982
2020-06-25,126518.76089594283,113.92009088911982
2020-06-26,125654.47329828658,113.92009088911982
2020-06-29,126356.30073664107,113.92009088911982
2020-06-30,127133.30880854049,113.92009088911982
2020-07-01,127279.20552179732,113.92009088911982
2020-07-02,128144.19019473199,105.8146301567831
2020-07-06,128698.81221163872,105.8146301567831
2020-07-07,129351.91849673394,105.8146301567831
2020-07-08,129927.23112643365,105.8146301567831
2020-07-09,129757.96665347222,105.8146301567831
2020-07-10,129470.96466220025,105.8146301567831
2020-07-13,129605.00688326958,105.8146301567831
2020-07-14,130093.90733492974,105.8146301567831
2020-07-15,130182.59888613824,105.8146301567831
2020-07-16,129294.11209262017,105.8146301567831
2020-07-17,130114.9962478936,105.8146301567831
2020-07-20,130613.28247988824,105.8146301567831
2020-07-21,131798.21964419488,105.8146301567831
2020-07-22,133332.35302889947,105.8146301567831
2020-07-23,134239.98506320122,105.8146301567831
2020-07-24,135092.72802127007,105.8146301567831
2020-07-27,137067.9478470147,105.8146301567831
2020-07-28,137943.43270266656,105.8146301567831
2020-07-29,138777.66313326958,105.8146301567831
2020-07-30,138021.19822085503,105.8146301567831
2020-07-31,139011.96077120904,105.8146301567831
2020-08-03,139119.05266726617,105.8146301567831
2020-08-04,141009.38924222987,39.99350553552722
2020-08-05,142422.78235441248,39.99350553552722
2020-08-06,143755.88721281092,39.99350553552722
2020-08-07,142206.29401212733,39.99350553552722
2020-08-10,142227.06165128748,39.99350553552722
2020-08-11,136993.8501492123,39.99350553552722
2020-08-12,137027.0552120785,39.99350553552722
2020-08-13,138971.22649198573,39.99350553552722
2020-08-14,138579.99291044276,39.99350553552722
2020-08-17,140910.73766141932,39.99350553552722
2020-08-18,141468.56365018885,39.99350553552722
2020-08-19,138484.40251737635,39.99350553552722
2020-08-20,139269.0080471615,39.99350553552722
2020-08-21,138464.50348478358,39.99350553552722
2020-08-24,138382.21629911463,39.99350553552722
2020-08-25,138098.8803921322,39.99350553552722
2020-08-26,139369.44377714198,39.99350553552722
2020-08-27,138227.4632931332,39.99350553552722
2020-08-28,139998.08301359217,39.99350553552722
2020-08-31,140323.2870846371,39.99350553552722
2020-09-01,140987.15765958827,39.99350553552722
2020-09-02,139804.9055935581,40.91578642918648
2020-09-03,137276.5767666538,40.91578642918648
2020-09-04,137363.7357937534,40.91578642918648
2020-09-08,136301.64421050146,40.91578642918648
2020-09-09,137500.18788115575,40.91578642918648
2020-09-10,137022.15718047216,40.91578642918648
2020-09-11,137100.97474639013,40.91578642918648
2020-09-14,138227.1539150913,40.91578642918648
2020-09-15,138297.28150908544,40.91578642918648
2020-09-16,138586.9605557163,40.91578642918648
2020-09-17,137974.21681181982,40.91578642918648
2020-09-18,137781.2850491245,40.91578642918648
2020-09-21,135633.84562651708,40.91578642918648
2020-09-22,135590.5936428745,40.91578642918648
2020-09-23,133214.00523345068,40.91578642918648
2020-09-24,134042.50929228857,40.91578642918648
2020-09-25,134107.19767729833,40.91578642918648
2020-09-28,135195.42088286474,40.91578642918648
2020-09-29,135824.46269194677,40.91578642918648
2020-09-30,135449.91398589208,40.91578642918648
2020-10-01,136078.4672695835,40.91578642918648
2020-10-02,135621.06771723332,109.21281305853336
2020-10-05,136281.40559259953,109.21281305853336
2020-10-06,134679.9151293427,109.21281305853336
2020-10-07,134619.1937395722,109.21281305853336
2020-10-08,135097.36744562688,109.21281305853336
2020-10-09,137548.93420282903,109.21281305853336
2020-10-12,137154.25096003118,109.21281305853336
2020-10-13,134998.6937395722,109.21281305853336
2020-10-14,135416.14605585637,109.21281305853336
2020-10-15,135909.491423288,109.21281305853336
2020-10-16,135438.9151293427,109.21281305853336
2020-10-19,135507.22234980168,109.21281305853336
2020-10-20,136159.96281305852,109.21281305853336
2020-10-21,137184.61744562688,109.21281305853336
2020-10-22,135841.18420282903,109.21281305853336
2020-10-23,135696.97234980168,109.21281305853336
2020-10-26,135628.6651293427,109.21281305853336
2020-10-27,135985.39605585637,109.21281305853336
2020-10-28,133791.8865191132,109.21281305853336
2020-10-29,133237.80818049016,109.21281305853336
2020-10-30,133845.01049677434,109.21281305853336
2020-11-02,135142.90559259953,109.21281305853336
2020-11-03,135908.4924596603,35.650845890770555
2020-11-04,135833.0968374069,35.650845890770555
2020-11-05,138952.65031946255,35.650845890770555
2020-11-06,139149.83192956998,35.650845890770555
2020-11-09,132994.00156915738,35.650845890770555
2020-11-10,133434.08205926968,35.650845890770555
2020-11-11,132857.2843297775,35.650845890770555
2020-11-12,133662.07452905728,35.650845890770555
2020-11-13,134572.8970540817,35.650845890770555
2020-11-16,134565.3410924728,35.650845890770555
2020-11-17,134072.12007654263,35.650845890770555
2020-11-18,133305.61713159634,35.650845890770555
2020-11-19,133055.29497278287,35.650845890770555
2020-11-20,133457.63036859586,35.650845890770555
2020-11-23,130831.42725122525,35.650845890770555
2020-11-24,128827.59309900357,35.650845890770555
2020-11-25,128766.83855188443,35.650845890770555
2020-11-27,127461.51514947964,35.650845890770555
2020-11-30,126611.53831232144,35.650845890770555
2020-12-01,129275.40245569302,35.650845890770555
2020-12-02,130201.90309206376,233.69666353592766
2020-12-03,130178.55326143632,233.69666353592766
2020-12-04,131236.76206270585,233.69666353592766
2020-12-07,130986.30487886796,233.69666353592766
2020-12-08,131354.71202150712,233.69666353592766
2020-12-09,130218.51792208085,233.69666353592766
2020-12-10,130189.01810518632,233.69666353592766
2020-12-11,130051.77095095048,233.69666353592766
2020-12-14,129493.27632204423,233.69666353592766
2020-12-15,131169.0626227034,233.69666353592766
2020-12-16,131360.3184820784,233.69666353592766
2020-12-17,132064.12992159257,233.69666353592766
2020-12-18,131557.82328096757,233.69666353592766
2020-12-21,131108.49768129716,233.69666353592766
2020-12-22,130905.88977114091,233.69666353592766
2020-12-23,131012.2021338118,233.69666353592766
2020-12-24,131508.996788658,233.69666353592766
2020-12-28,132587.60736147294,233.69666353592766
2020-12-29,132347.49727693925,233.69666353592766
2020-12-30,132531.86599031815,233.69666353592766
2020-12-31,133183.5870520247,233.69666353592766
2021-01-04,131441.1740957869,233.69666353592766
2021-01-05,132296.2762106893,12.687282466657734
2021-01-06,133027.66444005942,12.687282466657734
2021-01-07,134907.70666112876,12.687282466657734
2021-01-08,135638.75559606528,12.687282466657734
2021-01-11,134756.90800085044,12.687282466657734
2021-01-12,134782.86585607505,12.687282466657734
2021-01-13,135145.4950980184,12.687282466657734
2021-01-14,134684.99528112388,12.687282466657734
2021-01-15,133748.80089941,12.687282466657734
2021-01-19,134762.09655370688,12.687282466657734
2021-01-20,136547.5522879598,12.687282466657734
2021-01-21,136659.0566519735,12.687282466657734
2021-01-22,136198.09476842856,12.687282466657734
2021-01-25,136725.77334203696,12.687282466657734
2021-01-26,136520.62789525962,12.687282466657734
2021-01-27,133323.38082494712,12.687282466657734
2021-01-28,134416.3850516317,12.687282466657734
2021-01-29,131834.9607810018,12.687282466657734
2021-02-01,133936.5181235311,12.687282466657734
2021-02-02,134837.20831177145,29.479460453105276
2021-02-03,134626.71290466696,29.479460453105276
2021-02-04,132440.12100098043,29.479460453105276
2021-02-05,133379.43519470602,29.479460453105276
2021-02-08,134431.02181885153,29.479460453105276
2021-02-09,134748.09716675192,29.479460453105276
2021-02-10,135174.24247620016,29.479460453105276
2021-02-11,134250.9595172158,29.479460453105276
2021-02-12,133856.23414490133,29.479460453105276
2021-02-16,132249.426298832,29.479460453105276
2021-02-17,131184.39781067282,29.479460453105276
2021-02-18,131159.68444702536,29.479460453105276
2021-02-19,131456.20608398825,29.479460453105276
2021-02-22,132848.58042786032,29.479460453105276
2021-02-23,132609.79888794333,29.479460453105276
2021-02-24,132519.86889526754,29.479460453105276
2021-02-25,130352.5158831826,29.479460453105276
2021-02-26,128252.45522949607,29.479460453105276
2021-03-01,128044.6747729531,29.479460453105276
2021-03-02,128245.02743823435,128245.02743823435
2021-03-03,128245.02743823435,128245.02743823435
2021-03-04,128245.02743823435,128245.02743823435
2021-03-05,128245.02743823435,128245.02743823435
2021-03-08,128245.02743823435,128245.02743823435
2021-03-09,128245.02743823435,128245.02743823435
2021-03-10,128245.02743823435,128245.02743823435
2021-03-11,128245.02743823435,128245.02743823435
2021-03-12,128245.02743823435,128245.02743823435
2021-03-15,128245.02743823435,128245.02743823435
2021-03-16,128245.02743823435,128245.02743823435
2021-03-17,128245.02743823435,128245.02743823435
2021-03-18,128245.02743823435,128245.02743823435
2021-03-19,128245.02743823435,128245.02743823435
2021-03-22,128245.02743823435,128245.02743823435
2021-03-23,128245.02743823435,128245.02743823435
2021-03-24,128245.02743823435,128245.02743823435
2021-03-25,128245.02743823435,128245.02743823435
2021-03-26,128245.02743823435,128245.02743823435
2021-03-29,128245.02743823435,128245.02743823435
2021-03-30,128245.02743823435,128245.02743823435
2021-03-31,128245.02743823435,128245.02743823435
2021-04-01,128245.02743823435,128245.02743823435
2021-04-05,129152.14844627486,5.98487205611309
2021-04-06,129075.87476463424,5.98487205611309
2021-04-07,129225.2597133647,5.98487205611309
2021-04-08,129838.6220180522,5.98487205611309
2021-04-09,130782.52448387252,5.98487205611309
2021-04-12,130830.20075340377,5.98487205611309
2021-04-13,131217.94617576705,5.98487205611309
2021-04-14,130769.80176658736,5.98487205611309
2021-04-15,132174.5609218608,5.98487205611309
2021-04-16,132616.29700584518,5.98487205611309
2021-04-19,131964.77698631393,5.98487205611309
2021-04-20,130998.63324852096,5.98487205611309
2021-04-21,132238.10144920455,5.98487205611309
2021-04-22,131030.40351219283,5.98487205611309
2021-04-23,132451.02692527877,5.98487205611309
2021-04-26,132727.51380272018,5.98487205611309
2021-04-27,132698.92682762252,5.98487205611309
2021-04-28,132660.7899868022,5.98487205611309
2021-04-29,133506.19837303268,5.98487205611309
2021-04-30,132628.97797508346,5.98487205611309
2021-05-03,132915.04602928268,5.98487205611309
2021-05-04,132095.08307762252,5.98487205611309
2021-05-05,132136.39277000533,5.98487205611309
2021-05-06,133191.5433437358,5.98487205611309
2021-05-07,134160.85993309127,5.98487205611309
2021-05-10,132832.41620750533,5.98487205611309
2021-05-11,131646.95954246627,5.98487205611309
2021-05-12,128850.1952602397,5.98487205611309
2021-05-13,130397.9832241069,5.98487205611309
2021-05-14,132400.1673671733,5.98487205611309
2021-05-17,132063.30237693893,5.98487205611309
2021-05-18,130925.54285545455,5.98487205611309
2021-05-19,130582.30085106002,5.98487205611309
2021-05-20,131987.01825828658,5.98487205611309
2021-05-21,131878.99518699752,5.98487205611309
2021-05-24,133223.3344814311,5.98487205611309
2021-05-25,132927.7478725444,5.98487205611309
2021-05-26,133191.5433437358,5.98487205611309
2021-05-27,133261.44001121627,5.98487205611309
2021-05-28,133499.80048484908,5.98487205611309
2021-06-01,133382.22754783736,5.98487205611309
2021-06-02,133891.77965640882,72.62941837171093
2021-06-03,131290.4303522096,72.62941837171093
2021-06-04,132703.48732852796,72.62941837171093
2021-06-07,133229.15813541273,72.62941837171093
2021-06-08,132821.31813907484,72.62941837171093
2021-06-09,132567.27309512952,72.62941837171093
2021-06-10,133136.66466617445,72.62941837171093
2021-06-11,131654.6160211549,72.62941837171093
2021-06-14,130893.00545596937,72.62941837171093
2021-06-15,130401.1080865846,72.62941837171093
2021-06-16,128213.01918887952,72.62941837171093
2021-06-17,124309.71288394788,72.62941837171093
2021-06-18,123611.19326114515,72.62941837171093
2021-06-21,125126.65013980726,72.62941837171093
2021-06-22,124613.54555606702,72.62941837171093
2021-06-23,124530.49852847913,72.62941837171093
2021-06-24,124463.28643131116,72.62941837171093
2021-06-25,124875.61220645765,72.62941837171093
2021-06-28,124870.60155582288,72.62941837171093
2021-06-29,123572.74489688734,72.62941837171093
2021-06-30,124167.35424136976,72.62941837171093
2021-07-01,124596.91677188734,72.62941837171093
2021-07-02,125406.50461683598,106.29964552250885
2021-07-06,126028.17598829594,106.29964552250885
2021-07-07,126507.53553114262,106.29964552250885
2021-07-08,126425.1450739893,106.29964552250885
2021-07-09,126844.59467420903,106.29964552250885
2021-07-12,126687.29964552251,106.29964552250885
2021-07-13,126852.08055982915,106.29964552250885
2021-07-14,128215.25461683598,106.29964552250885
2021-07-15,128237.73513136235,106.29964552250885
2021-07-16,126994.39238844243,106.29964552250885
2021-07-19,127144.19010267583,106.29964552250885
2021-07-20,126979.40918836919,106.29964552250885
2021-07-21,126507.53553114262,106.29964552250885
2021-07-22,126754.70690260259,106.29964552250885
2021-07-23,126357.73781690923,106.29964552250885
2021-07-26,126058.14238844243,106.29964552250885
2021-07-27,126267.86147413579,106.29964552250885
2021-07-28,126904.50461683598,106.29964552250885
2021-07-29,128312.62827406255,106.29964552250885
2021-07-30,127301.48513136235,106.29964552250885
2021-08-02,127144.19010267583,106.29964552250885
2021-08-03,127383.90155693369,74.3742360718752
2021-08-04,127056.16400810557,74.3742360718752
2021-08-05,127336.31959434824,74.3742360718752
2021-08-06,127160.11232658701,74.3742360718752
2021-08-09,126993.9545583375,74.3742360718752
2021-08-10,126986.20098015147,74.3742360718752
2021-08-11,127194.25816246348,74.3742360718752
2021-08-12,127402.1169423707,74.3742360718752
2021-08-13,127762.02833458262,74.3742360718752
2021-08-16,127976.51676079111,74.3742360718752
2021-08-17,127471.08187004404,74.3742360718752
2021-08-18,126723.07485863047,74.3742360718752
2021-08-19,126958.5289067872,74.3742360718752
2021-08-20,127473.15448662119,74.3742360718752
2021-08-23,128076.18454643564,74.3742360718752
2021-08-24,128064.64516350107,74.3742360718752
2021-08-25,128108.80866142588,74.3742360718752
2021-08-26,127715.54856773691,74.3742360718752
2021-08-27,128492.83734794932,74.3742360718752
2021-08-30,128861.74775596934,74.3742360718752
2021-08-31,128683.71253105479,74.3742360718752
2021-09-01,128730.4648809083,74.3742360718752
2021-09-02,128954.8098020755,87.40455915557686
2021-09-03,128923.52608015167,87.40455915557686
2021-09-07,128462.88002302276,87.40455915557686
2021-09-08,128306.48002912628,87.40455915557686
2021-09-09,127757.6792173587,87.40455915557686
2021-09-10,126751.04332258331,87.40455915557686
2021-09-13,127075.21751691925,87.40455915557686
2021-09-14,126389.9448423587,87.40455915557686
2021-09-15,127444.87922956573,87.40455915557686
2021-09-16,127242.9917173587,87.40455915557686
2021-09-17,126004.38530256378,87.40455915557686
2021-09-20,123904.8017149173,87.40455915557686
2021-09-21,123787.85774519073,87.40455915557686
2021-09-22,124994.51957990753,87.40455915557686
2021-09-23,126512.129138013,87.40455915557686
2021-09-24,126720.40184309112,87.40455915557686
2021-09-27,126358.10264875519,87.40455915557686
2021-09-28,123813.51021101105,87.40455915557686
2021-09-29,124021.76430036651,87.40455915557686
2021-09-30,122506.99363996612,87.40455915557686
2021-10-01,123961.8589048587,87.40455915557686
2021-10-04,122363.38656083125,14.106905374710749
2021-10-05,123635.4912590124,14.106905374710749
2021-10-06,124149.02120438594,14.106905374710749
2021-10-07,125221.40970841426,14.106905374710749
2021-10-08,124993.02202836054,14.106905374710749
2021-10-11,124088.60686722773,14.106905374710749
2021-10-12,123783.645548258,14.106905374710749
2021-10-13,124228.83018723506,14.106905374710749
2021-10-14,126317.13849869746,14.106905374710749
2021-10-15,127278.31409684199,14.106905374710749
2021-10-18,127654.81206742304,14.106905374710749
2021-10-19,128638.80378952998,14.106905374710749
2021-10-20,129143.63352433222,14.106905374710749
2021-10-21,129480.14156571406,14.106905374710749
2021-10-22,129346.22329941767,14.106905374710749
2021-10-25,130039.4414543249,14.106905374710749
2021-10-26,130156.54780808467,14.106905374710749
2021-10-27,129580.57875290888,14.106905374710749
2021-10-28,130829.96374741572,14.106905374710749
2021-10-29,131095.25472489375,14.106905374710749
2021-11-01,131320.5794090368,14.106905374710749
2021-11-02,131477.88863189766,6.8488369757833425
2021-11-03,131306.68520172188,6.8488369757833425
2021-11-04,132369.35530670235,6.8488369757833425
2021-11-05,133478.36104400703,6.8488369757833425
2021-11-08,133780.17030914375,6.8488369757833425
2021-11-09,133904.97218902656,6.8488369757833425
2021-11-10,134135.93282135078,6.8488369757833425
2021-11-11,134548.58064849922,6.8488369757833425
2021-11-12,135166.38820465156,6.8488369757833425
2021-11-15,135079.45589263985,6.8488369757833425
2021-11-16,134826.4958706672,6.8488369757833425
2021-11-17,135307.01558502266,6.8488369757833425
2021-11-18,135300.87508209297,6.8488369757833425
2021-11-19,134647.27443512031,6.8488369757833425
2021-11-22,132901.07729156563,6.8488369757833425
2021-11-23,132397.0590420539,6.8488369757833425
2021-11-24,132505.45760162422,6.8488369757833425
2021-11-26,130947.07686431953,6.8488369757833425
2021-11-29,131633.4739590461,6.8488369757833425
2021-11-30,129929.63533599922,6.8488369757833425
2021-12-01,129495.85127838203,6.8488369757833425
2021-12-02,129402.64774215649,129402.64774215649
2021-12-03,129402.64774215649,129402.64774215649
2021-12-06,129402.64774215649,129402.64774215649
2021-12-07,129402.64774215649,129402.64774215649
2021-12-08,129402.64774215649,129402.64774215649
2021-12-09,129402.64774215649,129402.64774215649
2021-12-10,129402.64774215649,129402.64774215649
2021-12-13,129402.64774215649,129402.64774215649
2021-12-14,129402.64774215649,129402.64774215649
2021-12-15,129402.64774215649,129402.64774215649
2021-12-16,129402.64774215649,129402.64774215649
2021-12-17,129402.64774215649,129402.64774215649
2021-12-20,129402.64774215649,129402.64774215649
2021-12-21,129402.64774215649,129402.64774215649
2021-12-22,129402.64774215649,129402.64774215649
2021-12-23,129402.64774215649,129402.64774215649
2021-12-27,129402.64774215649,129402.64774215649
2021-12-28,129402.64774215649,129402.64774215649
2021-12-29,129402.64774215649,129402.64774215649
2021-12-30,129402.64774215649,129402.64774215649
2021-12-31,129402.64774215649,129402.64774215649
2022-01-03,129402.64774215649,129402.64774215649
2022-01-04,129455.00575279814,58.51214623076521
2022-01-05,128216.14861321074,58.51214623076521
2022-01-06,127418.76354240996,58.51214623076521
2022-01-07,127437.6920626126,58.51214623076521
2022-01-10,127539.9621508084,58.51214623076521
2022-01-11,128753.64700340849,58.51214623076521
2022-01-12,129044.50072502714,58.51214623076521
2022-01-13,128162.34524559599,58.51214623076521
2022-01-14,127914.16957878691,58.51214623076521
2022-01-18,126810.90795921904,58.51214623076521
2022-01-19,127286.07535576445,58.51214623076521
2022-01-20,126608.65946983916,58.51214623076521
2022-01-21,125520.75658440214,58.51214623076521
2022-01-24,126027.98402428252,58.51214623076521
2022-01-25,125614.54524254423,58.51214623076521
2022-01-26,124415.11879753691,58.51214623076521
2022-01-27,123465.31672691923,58.51214623076521
2022-01-28,124475.74758934599,58.51214623076521
2022-01-31,125679.3603060208,58.51214623076521
2022-02-01,126052.8788530789,58.51214623076521
2022-02-02,126767.3965253747,158.8001813805604
2022-02-03,125074.74898814326,158.8001813805604
2022-02-04,125298.94552897578,158.8001813805604
2022-02-07,125397.19514750605,158.8001813805604
2022-02-08,125972.26230143671,158.8001813805604
2022-02-09,127068.9717206872,158.8001813805604
2022-02-10,125538.36185740595,158.8001813805604
2022-02-11,125152.54935740595,158.8001813805604
2022-02-14,125035.26439189081,158.8001813805604
2022-02-15,125626.20392893915,158.8001813805604
2022-02-16,126135.14808177119,158.8001813805604
2022-02-17,125360.7864637292,158.8001813805604
2022-02-18,124962.21941661005,158.8001813805604
2022-02-22,124364.32254313593,158.8001813805604
2022-02-23,123343.21967600947,158.8001813805604
2022-02-24,124040.06475352412,158.8001813805604
2022-02-25,125280.80003642206,158.8001813805604
2022-02-28,125700.09450816279,158.8001813805604
2022-03-01,125602.42846202021,158.8001813805604
2022-03-02,126152.53865647771,4.8089506671676645
2022-03-03,126216.11675096014,4.8089506671676645
2022-03-04,126721.5150969074,4.8089506671676645
2022-03-07,125852.96913743475,4.8089506671676645
2022-03-08,127191.50050950506,4.8089506671676645
2022-03-09,126791.25426316717,4.8089506671676645
2022-03-10,126718.25111985662,4.8089506671676645
2022-03-11,125480.2302153156,4.8089506671676645
2022-03-14,124057.28304124334,4.8089506671676645
2022-03-15,124173.81792283514,4.8089506671676645
2022-03-16,125925.10475755193,4.8089506671676645
2022-03-17,127017.51601243475,4.8089506671676645
2022-03-18,127151.5808012531,4.8089506671676645
2022-03-21,127615.09096360662,4.8089506671676645
2022-03-22,127903.0358793781,4.8089506671676645
2022-03-23,127931.38683152654,4.8089506671676645
2022-03-24,129359.72209763982,4.8089506671676645
2022-03-25,129412.63399339178,4.8089506671676645
2022-03-28,128707.83336472967,4.8089506671676645
2022-03-29,129548.44231248357,4.8089506671676645
2022-03-30,129644.7800200031,4.8089506671676645
2022-03-31,128652.40706468084,4.8089506671676645
2022-04-01,128432.0001738117,4.8089506671676645
2022-04-04,128789.8497142551,7.028074240453861
2022-04-05,127909.77364919163,7.028074240453861
2022-04-06,128107.22089955784,7.028074240453861
2022-04-07,128482.05227467991,7.028074240453861
2022-04-08,129067.74503896214,7.028074240453861
2022-04-11,129528.07064626194,7.028074240453861
2022-04-12,130439.60827443577,7.028074240453861
2022-04-13,130996.35909841038,7.028074240453861
2022-04-14,130497.58990285374,7.028074240453861
2022-04-18,130783.83090016819,7.028074240453861
2022-04-19,128971.7003154514,7.028074240453861
2022-04-20,129628.63461110569,7.028074240453861
2022-04-21,129134.50141713597,7.028074240453861
2022-04-22,128034.20986745335,7.028074240453861
2022-04-25,126180.10616872288,7.028074240453861
2022-04-26,126392.53742787815,7.028074240453861
2022-04-27,125519.8965892551,7.028074240453861
2022-04-28,126090.25497243382,7.028074240453861
2022-04-29,125952.62895009495,7.028074240453861
2022-05-02,123864.34809682347,7.028074240453861
2022-05-03,124502.01624593702,230.54786214795604
2022-05-04,128286.42624959913,230.54786214795604
2022-05-05,123734.94938192335,230.54786214795604
2022-05-06,122997.77540121046,230.54786214795604
2022-05-09,119067.11277303663,230.54786214795604
2022-05-10,119341.6822920796,230.54786214795604
2022-05-11,117449.48212728467,230.54786214795604
2022-05-12,117327.10511312452,230.54786214795604
2022-05-13,120126.61716756788,230.54786214795604
2022-05-16,119640.14676961866,230.54786214795604
2022-05-17,122096.45176229444,230.54786214795604
2022-05-18,117183.82242879835,230.54786214795604
2022-05-19,116467.56379232374,230.54786214795604
2022-05-20,116518.28495321241,230.54786214795604
2022-05-23,118694.0321761128,230.54786214795604
2022-05-24,117789.7192488667,230.54786214795604
2022-05-25,118828.34699544874,230.54786214795604
2022-05-26,121198.07871541944,230.54786214795604
2022-05-27,124167.74802694288,230.54786214795604
2022-05-31,123472.32734212842,230.54786214795604
2022-06-01,122475.51093587842,230.54786214795604
2022-06-02,123039.15544393049,17.364031576973503
2022-06-03,121726.2790248631,17.364031576973503
2022-06-06,121265.16066243635,17.364031576973503
2022-06-07,122086.49055745588,17.364031576973503
2022-06-08,121872.3229854344,17.364031576973503
2022-06-09,121277.06598165022,17.364031576973503
2022-06-10,122486.69842793928,17.364031576973503
2022-06-13,119141.73317220197,17.364031576973503
2022-06-14,118234.16353108869,17.364031576973503
2022-06-15,119788.03604390608,17.364031576973503
2022-06-16,120723.06257894025,17.364031576973503
2022-06-17,119823.67221333967,17.364031576973503
2022-06-21,119636.01747395979,17.364031576973503
2022-06-22,120059.25618245588,17.364031576973503
2022-06-23,119470.13138082014,17.364031576973503
2022-06-24,119655.65056111799,17.364031576973503
2022-06-27,119496.08903768049,17.364031576973503
2022-06-28,119119.72511556135,17.364031576973503
2022-06-29,119027.99829366193,17.364031576973503
2022-06-30,118285.62350728498,17.364031576973503
2022-07-01,118293.13740804182,17.364031576973503
2022-07-05,119195.14895103114,144.13668296473043
2022-07-06,119540.54860923426,144.13668296473043
2022-07-07,121222.73589561121,144.13668296473043
2022-07-08,121108.2347969784,144.13668296473043
2022-07-11,119816.34438560145,144.13668296473043
2022-07-12,118820.34466025965,144.13668296473043
2022-07-13,118247.41579673426,144.13668296473043
2022-07-14,117956.12728355067,144.13668296473043
2022-07-15,120114.39379356043,144.13668296473043
2022-07-18,119154.99337241786,144.13668296473043
2022-07-19,122204.5828804745,144.13668296473043
2022-07-20,122938.95992515223,144.13668296473043
2022-07-21,124177.82445762293,144.13668296473043
2022-07-22,123131.84478232996,144.13668296473043
2022-07-25,123251.74669883387,144.13668296473043
2022-07-26,121868.2067513241,144.13668296473043
2022-07-27,124888.85280845301,144.13668296473043
2022-07-28,126419.52361533778,144.13668296473043
2022-07-29,128166.86818931239,144.13668296473043
2022-08-01,127832.230341412,144.13668296473043
2022-08-02,126051.47111308218,135.79809367300186
2022-08-03,126569.4459818566,135.79809367300186
2022-08-04,127595.76798808218,135.79809367300186
2022-08-05,126175.7563914025,135.79809367300186
2022-08-08,126934.06304728628,135.79809367300186
2022-08-09,126922.33934580923,135.79809367300186
2022-08-10,127033.39887034537,135.79809367300186
2022-08-11,126485.33666026236,135.79809367300186
2022-08-12,127329.50695597769,135.79809367300186
2022-08-15,126742.56752574087,135.79809367300186
2022-08-16,126560.7114542687,135.79809367300186
2022-08-17,125783.1973704064,135.79809367300186
2022-08-18,125789.19770609976,135.79809367300186
2022-08-19,124929.77042948843,135.79809367300186
2022-08-22,124227.1845301354,135.79809367300186
2022-08-23,124545.2053278649,135.79809367300186
2022-08-24,124518.99921214224,135.79809367300186
2022-08-25,125094.20943247915,135.79809367300186
2022-08-26,124264.77663981558,135.79809367300186
2022-08-29,123958.0348490441,135.79809367300186
2022-08-30,123574.6936091149,135.79809367300186
2022-08-31,122878.23277079703,135.79809367300186
2022-09-01,122061.5507487023,135.79809367300186
2022-09-02,120245.30117724044,76.67935106856748
2022-09-06,119791.940459467,76.67935106856748
2022-09-07,121942.59329149825,76.67935106856748
2022-09-08,122739.13613817794,76.67935106856748
2022-09-09,124644.71255419357,76.67935106856748
2022-09-12,125983.55593798263,76.67935106856748
2022-09-13,120508.78848192794,76.67935106856748
2022-09-14,120968.34878466232,76.67935106856748
2022-09-15,119595.82791063888,76.67935106856748
2022-09-16,118684.043975092,76.67935106856748
2022-09-19,119603.82705614669,76.67935106856748
2022-09-20,118231.83022997482,76.67935106856748
2022-09-21,116170.74014208419,76.67935106856748
2022-09-22,115195.57607958419,76.67935106856748
2022-09-23,113266.76357958419,76.67935106856748
2022-09-26,112147.0117485295,76.67935106856748
2022-09-27,111860.93106005294,76.67935106856748
2022-09-28,114060.43899462325,76.67935106856748
2022-09-29,111679.42263720138,76.67935106856748
2022-09-30,109953.66384813888,76.67935106856748
2022-10-03,112854.56533739669,76.67935106856748
2022-10-04,116348.078194895,13.293462076402832
2022-10-05,116077.03389863035,13.293462076402832
2022-10-06,114880.19118241331,13.293462076402832
2022-10-07,111677.46376160643,13.293462076402832
2022-10-10,110825.08483628294,13.293462076402832
2022-10-11,110123.69872025511,13.293462076402832
2022-10-12,109760.77091340086,13.293462076402832
2022-10-13,112655.31566742918,13.293462076402832
2022-10-14,110089.45102433226,13.293462076402832
2022-10-17,112916.6213086035,13.293462076402832
2022-10-18,114242.63060120604,13.293462076402832
2022-10-19,113433.07755402586,13.293462076402832
2022-10-20,112482.09713105223,13.293462076402832
2022-10-21,115213.933953562,13.293462076402832
2022-10-24,116622.73518494627,13.293462076402832
2022-10-25,118484.43800858519,13.293462076402832
2022-10-26,117592.5829480078,13.293462076402832
2022-10-27,116965.31156281492,13.293462076402832
2022-10-28,119746.12442139647,13.293462076402832
2022-10-31,118881.52191285155,13.293462076402832
2022-11-01,118361.70014695189,13.293462076402832
2022-11-02,115644.30269407094,75.45211957752622
2022-11-03,114538.60202192128,75.45211957752622
2022-11-04,116053.30957197011,75.45211957752622
2022-11-07,116987.04671644032,75.45211957752622
2022-11-08,117637.54568647206,75.45211957752622
2022-11-09,115492.95408414662,75.45211957752622
2022-11-10,121403.44968580068,75.45211957752622
2022-11-11,122459.87462781728,75.45211957752622
2022-11-14,121499.54763196767,75.45211957752622
2022-11-15,122508.57384275258,75.45211957752622
2022-11-16,121739.6753823644,75.45211957752622
2022-11-17,121346.91371702016,75.45211957752622
2022-11-18,121804.49993680776,75.45211957752622
2022-11-21,121400.72248624623,75.45211957752622
2022-11-22,122914.8480927831,75.45211957752622
2022-11-23,123686.44976209462,75.45211957752622
2022-11-25,123663.39795850575,75.45211957752622
2022-11-28,121879.06235669911,75.45211957752622
2022-11-29,121658.10521482289,75.45211957752622
2022-11-30,125176.24505780995,75.45211957752622
2022-12-01,125225.99045728505,75.45211957752622
2022-12-02,125069.6297787479,50.42785156284299
2022-12-05,122965.03633392368,50.42785156284299
2022-12-06,121655.8602474979,50.42785156284299
2022-12-07,121731.15856445346,50.42785156284299
2022-12-08,122447.78148925815,50.42785156284299
2022-12-09,121705.26503265415,50.42785156284299
2022-12-12,122959.4940365604,50.42785156284299
2022-12-13,124009.46424377475,50.42785156284299
2022-12-14,123388.33504760776,50.42785156284299
2022-12-15,120813.84171569858,50.42785156284299
2022-12-16,119788.52761352573,50.42785156284299
2022-12-19,118883.74491394077,50.42785156284299
2022-12-20,119150.01750457798,50.42785156284299
2022-12-21,120536.04386413608,50.42785156284299
2022-12-22,119032.06688964878,50.42785156284299
2022-12-23,119562.69496429477,50.42785156284299
2022-12-27,119211.8801907352,50.42785156284299
2022-12-28,117983.23643005405,50.42785156284299
2022-12-29,119751.39982116733,50.42785156284299
2022-12-30,119517.58739746128,50.42785156284299
2023-01-03,119312.24388397251,50.42785156284299
2023-01-04,119959.4350563552,126.4563271071529
2023-01-05,118467.33929219504,126.4563271071529
2023-01-06,120681.20098653098,126.4563271071529
2023-01-09,120951.860562947,126.4563271071529
2023-01-10,121396.02013936301,126.4563271071529
2023-01-11,121312.73293843528,126.4563271071529
2023-01-12,122714.61590352317,126.4563271071529
2023-01-13,124185.8925148513,126.4563271071529
2023-01-17,123373.91378560325,126.4563271071529
2023-01-18,123019.9775978591,126.4563271071529
2023-01-19,124970.11590352317,126.4563271071529
2023-01-20,124553.71166768332,126.4563271071529
2023-01-23,124789.67971577903,126.4563271071529
2023-01-24,125240.77547993918,126.4563271071529
2023-01-25,125816.79675069114,126.4563271071529
2023-01-26,124678.63717427512,126.4563271071529
2023-01-27,124505.13717427512,126.4563271071529
2023-01-30,124185.8925148513,126.4563271071529
2023-01-31,124636.99886861106,126.4563271071529
2023-02-01,126205.4350563552,126.4563271071529
2023-02-02,123589.05209126731,126.4563271071529
2023-02-03,120507.70098653098,126.4563271071529
2023-02-06,120757.54141011497,126.4563271071529
2023-02-07,120868.57336201926,126.4563271071529
2023-02-08,121166.99886861106,126.4563271071529
2023-02-09,120209.27547993918,126.4563271071529
2023-02-10,120438.29675069114,126.4563271071529
2023-02-13,119827.57336201926,126.4563271071529
2023-02-14,119917.79675069114,126.4563271071529
2023-02-15,118724.11590352317,126.4563271071529
2023-02-16,118626.95632710715,126.4563271071529
2023-02-17,118980.8925148513,126.4563271071529
2023-02-21,118536.73293843528,126.4563271071529
2023-02-22,117870.49886861106,126.4563271071529
2023-02-23,117808.04141011497,126.4563271071529
2023-02-24,116961.360562947,126.4563271071529
2023-02-27,117419.3925148513,126.4563271071529
2023-02-28,117953.77547993918,126.4563271071529
2023-03-01,118633.8925148513,126.4563271071529
2023-03-02,118864.9203424461,202.19092273784918
2023-03-03,120266.62617206646,202.19092273784918
2023-03-06,119814.44595050885,202.19092273784918
2023-03-07,117811.05751514508,202.19092273784918
2023-03-08,117808.16664600445,202.19092273784918
2023-03-09,118232.44145679547,202.19092273784918
2023-03-10,119858.18049335552,202.19092273784918
2023-03-13,121973.44257831646,202.19092273784918
2023-03-14,121816.97755909039,202.19092273784918
2023-03-15,122419.07968616558,202.19092273784918
2023-03-16,123038.64765644146,202.19092273784918
2023-03-17,125539.0530214317,202.19092273784918
2023-03-20,125808.3722124107,202.19092273784918
2023-03-21,124278.14561176373,202.19092273784918
2023-03-22,125502.03646564556,202.19092273784918
2023-03-23,126805.14922046734,202.19092273784918
2023-03-24,125856.57493305279,202.19092273784918
2023-03-27,124973.63119983746,202.19092273784918
2023-03-28,125710.16129779888,202.19092273784918
2023-03-29,125594.3425035484,202.19092273784918
2023-03-30,126630.55894947125,202.19092273784918
2023-03-31,126492.29460620953,202.19092273784918
2023-04-03,127307.08247852398,202.19092273784918
2023-04-04,127423.52526930404,127423.52526930404
2023-04-05,127423.52526930404,127423.52526930404
2023-04-06,127423.52526930404,127423.52526930404
2023-04-10,127423.52526930404,127423.52526930404
2023-04-11,127423.52526930404,127423.52526930404
2023-04-12,127423.52526930404,127423.52526930404
2023-04-13,127423.52526930404,127423.52526930404
2023-04-14,127423.52526930404,127423.52526930404
2023-04-17,127423.52526930404,127423.52526930404
2023-04-18,127423.52526930404,127423.52526930404
2023-04-19,127423.52526930404,127423.52526930404
2023-04-20,127423.52526930404,127423.52526930404
2023-04-21,127423.52526930404,127423.52526930404
2023-04-24,127423.52526930404,127423.52526930404
2023-04-25,127423.52526930404,127423.52526930404
2023-04-26,127423.52526930404,127423.52526930404
2023-04-27,127423.52526930404,127423.52526930404
2023-04-28,127423.52526930404,127423.52526930404
2023-05-01,127423.52526930404,127423.52526930404
2023-05-02,126270.72948675665,296.94535284551966
2023-05-03,125450.62774115118,296.94535284551966
2023-05-04,124587.41141729864,296.94535284551966
2023-05-05,126798.73418646368,296.94535284551966
2023-05-08,126812.2758734754,296.94535284551966
2023-05-09,126270.69826727423,296.94535284551966
2023-05-10,126865.14133673224,296.94535284551966
2023-05-11,126664.52021246466,296.94535284551966
2023-05-12,126482.96189337286,296.94535284551966
2023-05-15,126894.06287603888,296.94535284551966
2023-05-16,126065.06783514532,296.94535284551966
2023-05-17,127536.04281073126,296.94535284551966
2023-05-18,128706.94274359259,296.94535284551966
2023-05-19,128514.97154455695,296.94535284551966
2023-05-22,128564.34066229376,296.94535284551966
2023-05-23,127172.03310614142,296.94535284551966
2023-05-24,126270.68904333624,296.94535284551966
2023-05-25,127312.60710363898,296.94535284551966
2023-05-26,128911.3972418836,296.94535284551966
2023-05-30,128985.07285528693,296.94535284551966
2023-05-31,128306.6139014295,296.94535284551966
2023-06-01,129495.73182135138,296.94535284551966
2023-06-02,131334.03183316864,225.4185519186376
2023-06-05,131082.81113004364,225.4185519186376
2023-06-06,131367.74277066864,225.4185519186376
2023-06-07,130914.28573941864,225.4185519186376
2023-06-08,131704.76425504364,225.4185519186376
2023-06-09,131940.67245816864,225.4185519186376
2023-06-12,133135.57480191864,225.4185519186376
2023-06-13,134011.86386441864,225.4185519186376
2023-06-14,134171.17050504364,225.4185519186376
2023-06-15,135831.78573941864,225.4185519186376
2023-06-16,135369.88144254364,225.4185519186376
2023-06-20,134668.71933316864,225.4185519186376
2023-06-21,133979.85214566864,225.4185519186376
2023-06-22,134462.67441129364,225.4185519186376
2023-06-23,133447.85019254364,225.4185519186376
2023-06-26,132903.53378629364,225.4185519186376
2023-06-27,134358.13339566864,225.4185519186376
2023-06-28,134425.77988004364,225.4185519186376
2023-06-29,134954.70566129364,225.4185519186376
2023-06-30,136544.61777066864,225.4185519186376
2023-07-03,136701.46347379364,225.4185519186376
2023-07-05,135575.65782660246,51.35343283414841
2023-07-06,134709.84393805265,51.35343283414841
2023-07-07,134634.54730719328,51.35343283414841
2023-07-10,135105.1350223422,51.35343283414841
2023-07-11,135387.44059103727,51.35343283414841
2023-07-12,136460.36889761686,51.35343283414841
2023-07-13,137288.53447073698,51.35343283414841
2023-07-14,136648.54556387663,51.35343283414841
2023-07-17,136799.15505331755,51.35343283414841
2023-07-18,136968.52378958464,51.35343283414841
2023-07-19,137288.53447073698,51.35343283414841
2023-07-20,136648.54556387663,51.35343283414841
2023-07-21,136742.71503561735,51.35343283414841
2023-07-24,136516.82514303923,51.35343283414841
2023-07-25,136366.24810904264,51.35343283414841
2023-07-26,136817.9792110324,51.35343283414841
2023-07-27,135650.99502676725,51.35343283414841
2023-07-28,136121.54217261076,51.35343283414841
2023-07-31,136366.24810904264,51.35343283414841
2023-08-01,135522.6499721408,51.35343283414841
2023-08-02,134327.6763831906,170.9518729977426
2023-08-03,133919.48920362518,170.9518729977426
2023-08-04,133803.3908302121,170.9518729977426
2023-08-07,134476.5266944699,170.9518729977426
2023-08-08,134042.0638038449,170.9518729977426
2023-08-09,133359.04864423798,170.9518729977426
2023-08-10,133231.28259962128,170.9518729977426
2023-08-11,133102.59932630585,170.9518729977426
2023-08-14,133485.5968772702,170.9518729977426
2023-08-15,132355.2206336789,170.9518729977426
2023-08-16,131527.94101636932,170.9518729977426
2023-08-17,130817.46049421356,170.9518729977426
2023-08-18,130912.95434492157,170.9518729977426
2023-08-21,131410.79939954804,170.9518729977426
2023-08-22,131244.82069318817,170.9518729977426
2023-08-23,132633.92662733124,170.9518729977426
2023-08-24,131373.5669013791,170.9518729977426
2023-08-25,131946.1352302365,170.9518729977426
2023-08-28,132597.2203666501,170.9518729977426
2023-08-29,134208.93293684052,170.9518729977426
2023-08-30,134615.00752180145,170.9518729977426
2023-08-31,134490.0437461667,170.9518729977426
2023-09-01,134548.05945509003,170.9518729977426
2023-09-05,133840.82604307833,67.31157393158355
2023-09-06,133689.71422285738,67.31157393158355
2023-09-07,134143.02538771334,67.31157393158355
2023-09-08,134180.82966322603,67.31157393158355
2023-09-11,133973.04382414522,67.31157393158355
2023-09-12,134067.46542830172,67.31157393158355
2023-09-13,134275.21887297335,67.31157393158355
2023-09-14,134048.56329054537,67.31157393158355
2023-09-15,133784.17632002535,67.31157393158355
2023-09-18,133916.36980528536,67.31157393158355
2023-09-19,133632.99971098604,67.31157393158355
2023-09-20,133463.01814741793,67.31157393158355
2023-09-21,132631.89908690157,67.31157393158355
2023-09-22,133179.68854613008,67.31157393158355
2023-09-25,132197.45766539278,67.31157393158355
2023-09-26,132065.23988432589,67.31157393158355
2023-09-27,131592.96989149752,67.31157393158355
2023-09-28,131932.96541304293,67.31157393158355
2023-09-29,131876.29949278536,67.31157393158355
2023-10-02,130970.94864363373,67.31157393158355
2023-10-03,130435.94625761015,125.18604948026768
2023-10-04,130710.31724073393,125.18604948026768
2023-10-05,130582.60091688139,125.18604948026768
2023-10-06,130858.9951543997,125.18604948026768
2023-10-09,132905.48634244903,125.18604948026768
2023-10-10,132712.14190580352,125.18604948026768
2023-10-11,133562.1793470572,125.18604948026768
2023-10-12,132910.22600843414,125.18604948026768
2023-10-13,135975.63708402618,125.18604948026768
2023-10-16,135300.74408246978,125.18604948026768
2023-10-17,135185.69318296417,125.18604948026768
2023-10-18,136322.0363226126,125.18604948026768
2023-10-19,137273.3634901236,125.18604948026768
2023-10-20,137688.48371030792,125.18604948026768
2023-10-23,137534.28500272735,125.18604948026768
2023-10-24,137669.49515439972,125.18604948026768
2023-10-25,137736.3414220999,125.18604948026768
2023-10-26,138176.38266660675,125.18604948026768
2023-10-27,139276.34235288604,125.18604948026768
2023-10-30,138629.10751249298,125.18604948026768
2023-10-31,138097.3129835318,125.18604948026768
2023-11-01,138219.82001020416,125.18604948026768
2023-11-02,138791.45312854974,16.18028995720306
2023-11-03,139346.4697758886,16.18028995720306
2023-11-06,138338.21484348504,16.18028995720306
2023-11-07,137967.5607449743,16.18028995720306
2023-11-08,136883.57423374383,16.18028995720306
2023-11-09,137174.86078235833,16.18028995720306
2023-11-10,135960.83203479974,16.18028995720306
2023-11-13,136588.4834630224,16.18028995720306
2023-11-14,137879.23857471673,16.18028995720306
2023-11-15,137451.0293385717,16.18028995720306
2023-11-16,138884.15149280755,16.18028995720306
2023-11-17,138903.23872730462,16.18028995720306
2023-11-20,138744.7945477697,16.18028995720306
2023-11-21,140031.89958164422,16.18028995720306
2023-11-22,139550.0852963659,16.18028995720306
2023-11-24,140050.72935077874,16.18028995720306
2023-11-27,140979.8333356115,16.18028995720306
2023-11-28,142653.7847859594,16.18028995720306
2023-11-29,142948.83519718377,16.18028995720306
2023-11-30,142374.91670963494,16.18028995720306
2023-12-01,144626.84497043816,16.18028995720306
2023-12-04,143003.2059001358,143003.2059001358
2023-12-05,143003.2059001358,143003.2059001358
2023-12-06,143003.2059001358,143003.2059001358
2023-12-07,143003.2059001358,143003.2059001358
2023-12-08,143003.2059001358,143003.2059001358
2023-12-11,143003.2059001358,143003.2059001358
2023-12-12,143003.2059001358,143003.2059001358
2023-12-13,143003.2059001358,143003.2059001358
2023-12-14,143003.2059001358,143003.2059001358
2023-12-15,143003.2059001358,143003.2059001358
2023-12-18,143003.2059001358,143003.2059001358
2023-12-19,143003.2059001358,143003.2059001358
2023-12-20,143003.2059001358,143003.2059001358
2023-12-21,143003.2059001358,143003.2059001358
2023-12-22,143003.2059001358,143003.2059001358
2023-12-26,143003.2059001358,143003.2059001358
2023-12-27,143003.2059001358,143003.2059001358
2023-12-28,143003.2059001358,143003.2059001358
2023-12-29,143003.2059001358,143003.2059001358
2024-01-02,143003.2059001358,143003.2059001358
2024-01-03,143003.2059001358,143003.2059001358
2024-01-04,143003.2059001358,143003.2059001358
2024-01-05,143003.2059001358,143003.2059001358
2024-01-08,143003.2059001358,143003.2059001358
2024-01-09,143003.2059001358,143003.2059001358
2024-01-10,143003.2059001358,143003.2059001358
2024-01-11,143003.2059001358,143003.2059001358
2024-01-12,143003.2059001358,143003.2059001358
2024-01-16,143003.2059001358,143003.2059001358
2024-01-17,143003.2059001358,143003.2059001358
2024-01-18,143003.2059001358,143003.2059001358
2024-01-19,143003.2059001358,143003.2059001358
2024-01-22,143003.2059001358,143003.2059001358
2024-01-23,143003.2059001358,143003.2059001358
2024-01-24,143003.2059001358,143003.2059001358
2024-01-25,143003.2059001358,143003.2059001358
2024-01-26,143003.2059001358,143003.2059001358
2024-01-29,143003.2059001358,143003.2059001358
2024-01-30,143003.2059001358,143003.2059001358
2024-01-31,143003.2059001358,143003.2059001358
2024-02-01,143003.2059001358,143003.2059001358
2024-02-02,144357.30414234955,273.0923198397795
2024-02-05,143832.68524586517,273.0923198397795
2024-02-06,144249.48132740814,273.0923198397795
2024-02-07,145450.29385792572,273.0923198397795
2024-02-08,145514.4198650058,273.0923198397795
2024-02-09,146353.8174480136,273.0923198397795
2024-02-12,146289.70981251556,273.0923198397795
2024-02-13,144278.6094707187,273.0923198397795
2024-02-14,145587.28155934173,273.0923198397795
2024-02-15,146589.9106486972,273.0923198397795
2024-02-16,145861.25696217376,273.0923198397795
2024-02-20,145059.73239552337,273.0923198397795
2024-02-21,145190.89630543548,273.0923198397795
2024-02-22,148190.02032887298,273.0923198397795
2024-02-23,148292.0377238925,273.0923198397795
2024-02-26,147749.91070973236,273.0923198397795
2024-02-27,148023.8861125644,273.0923198397795
2024-02-28,147828.62375294525,273.0923198397795
2024-02-29,148359.09399830658,273.0923198397795
2024-03-01,149749.36346852142,273.0923198397795
2024-03-04,149589.05304371673,273.0923198397795
2024-03-05,148096.76617848236,273.0923198397795
2024-03-06,148845.8306926425,273.0923198397795
2024-03-07,150320.61862599212,273.0923198397795
2024-03-08,149420.0069316562,273.0923198397795
2024-03-11,149291.75491749603,273.0923198397795
2024-03-12,150894.81323658783,273.0923198397795
2024-03-13,150658.7016643222,273.0923198397795
2024-03-14,150361.42190968353,273.0923198397795
2024-03-15,149330.82208668548,273.0923198397795
2024-03-18,150216.69058644134,273.0923198397795
2024-03-19,151049.9428752597,273.0923198397795
2024-03-20,152444.5388530429,273.0923198397795
2024-03-21,152947.43335377533,273.0923198397795
2024-03-22,152657.97989308197,273.0923198397795
2024-03-25,152236.97671925384,273.0923198397795
2024-03-26,151956.2956889804,273.0923198397795
2024-03-27,153231.0079082187,273.0923198397795
2024-03-28,153201.797092789,273.0923198397795
2024-04-01,152935.73065602142,273.0923198397795
2024-04-02,152343.08041004723,117.9269752938053
2024-04-03,152816.29916004723,117.9269752938053
2024-04-04,152327.32449726647,117.9269752938053
2024-04-05,153032.09027485436,117.9269752938053
2024-04-08,153265.2638893563,117.9269752938053
2024-04-09,153825.53786091393,117.9269752938053
2024-04-10,152183.89234547204,117.9269752938053
2024-04-11,153296.61402515954,117.9269752938053
2024-04-12,152416.38635639733,117.9269752938053
2024-04-15,152365.10757069176,117.9269752938053
2024-04-16,152173.37791065758,117.9269752938053
2024-04-17,152009.2711754281,117.9269752938053
2024-04-18,151899.9781837899,117.9269752938053
2024-04-19,151867.78053669518,117.9269752938053
2024-04-22,151047.35657124108,117.9269752938053
2024-04-23,151443.4519539315,117.9269752938053
2024-04-24,151154.66282276696,117.9269752938053
2024-04-25,151089.65262226647,117.9269752938053
2024-04-26,151701.3128929574,117.9269752938053
2024-04-29,151944.14789967125,117.9269752938053
2024-04-30,150259.32954029625,117.9269752938053
2024-05-01,150827.2687874276,117.9269752938053
2024-05-02,151305.91397825838,132.07175413728328
2024-05-03,151910.99070707918,132.07175413728328
2024-05-06,152992.64069334627,132.07175413728328
2024-05-07,152822.88253752352,132.07175413728328
2024-05-08,152501.71355406404,132.07175413728328
2024-05-09,153883.82291380526,132.07175413728328
2024-05-10,154326.83048216463,132.07175413728328
2024-05-13,153609.16678587557,132.07175413728328
2024-05-14,154487.52928129793,132.07175413728328
2024-05-15,156110.6271282828,132.07175413728328
2024-05-16,155683.98856321932,132.07175413728328
2024-05-17,156732.839713732,132.07175413728328
2024-05-20,157000.13635985018,132.07175413728328
2024-05-21,157089.82921568514,132.07175413728328
2024-05-22,155637.8473889029,132.07175413728328
2024-05-23,153866.22209135653,132.07175413728328
2024-05-24,154204.95262114168,132.07175413728328
2024-05-28,154684.30673185945,132.07175413728328
2024-05-29,153623.92221800447,132.07175413728328
2024-05-30,153767.03801695467,132.07175413728328
2024-05-31,153859.77622191072,132.07175413728328
2024-06-03,154786.67601744295,132.07175413728328
2024-06-04,154344.66685193504,52.96648877586995
2024-06-05,155383.96313184226,52.96648877586995
2024-06-06,155899.97350781882,52.96648877586995
2024-06-07,152749.9216584536,52.96648877586995
2024-06-10,153224.5152711245,52.96648877586995
2024-06-11,153765.08352368796,52.96648877586995
2024-06-12,154341.32265943015,52.96648877586995
2024-06-13,154179.37496655906,52.96648877586995
2024-06-14,155175.90583508933,52.96648877586995
2024-06-17,154499.7785157534,52.96648877586995
2024-06-18,155070.36770337546,52.96648877586995
2024-06-20,155743.592129645,52.96648877586995
2024-06-21,154709.73995679343,52.96648877586995
2024-06-24,155024.01086133445,52.96648877586995
2024-06-25,154737.3276337954,52.96648877586995
2024-06-26,153707.68723767722,52.96648877586995
2024-06-27,154618.7200440737,52.96648877586995
2024-06-28,154215.1151551577,52.96648877586995
2024-07-01,153932.02666943992,52.96648877586995
2024-07-02,154659.19317069981,25.673563155876764
2024-07-03,155469.83042350743,25.673563155876764
2024-07-05,156251.81751457189,25.673563155876764
2024-07-08,156320.41980949376,25.673563155876764
2024-07-09,156338.21629539464,25.673563155876764
2024-07-10,157007.9062368009,25.673563155876764
2024-07-11,156970.2976705167,25.673563155876764
2024-07-12,157600.5253545377,25.673563155876764
2024-07-15,157458.15307060216,25.673563155876764
2024-07-16,158189.3586522672,25.673563155876764
2024-07-17,157433.99543205235,25.673563155876764
2024-07-18,156721.28100028966,25.673563155876764
2024-07-19,156073.88825431798,25.673563155876764
2024-07-22,156640.49868217442,25.673563155876764
2024-07-23,156560.61403861974,25.673563155876764
2024-07-24,154934.67666069005,25.673563155876764
2024-07-25,154846.2636281583,25.673563155876764
2024-07-26,155880.25255790685,25.673563155876764
2024-07-29,156034.83167472814,25.673563155876764
2024-07-30,155859.29435935948,25.673563155876764
2024-07-31,157338.3024388883,25.673563155876764
2024-08-01,156869.5836965177,25.673563155876764
2024-08-02,155183.38499584605,50.146226314798696
2024-08-05,152753.6770490687,50.146226314798696
2024-08-06,152000.75688305308,50.146226314798696
2024-08-07,151732.51121654917,50.146226314798696
2024-08-08,154314.8654035609,50.146226314798696
2024-08-09,154748.2018903773,50.146226314798696
2024-08-12,156934.34129467417,50.146226314798696
2024-08-13,157198.42295971324,50.146226314798696
2024-08-14,156239.35405102183,50.146226314798696
2024-08-15,157130.2242292445,50.146226314798696
2024-08-16,160060.59416332652,50.146226314798696
2024-08-19,160125.15715160777,50.146226314798696
2024-08-20,160556.68107738902,50.146226314798696
2024-08-21,160482.8630231898,50.146226314798696
2024-08-22,158683.41343822886,50.146226314798696
2024-08-23,160489.00969067027,50.146226314798696
2024-08-26,160835.85502758433,50.146226314798696
2024-08-27,161231.69096508433,50.146226314798696
2024-08-28,160135.1863874476,50.146226314798696
2024-08-29,160814.6213850062,50.146226314798696
2024-08-30,160158.84709301402,50.146226314798696
2024-09-03,158984.44340649058,50.146226314798696
2024-09-04,158974.98147199856,249.75521467432554
2024-09-05,159366.26940534817,249.75521467432554
2024-09-06,157915.08553693997,249.75521467432554
2024-09-09,158910.6821861099,249.75521467432554
2024-09-10,159563.93770979153,249.75521467432554
2024-09-11,160119.1433982681,249.75521467432554
2024-09-12,161594.84168623196,249.75521467432554
2024-09-13,162579.86648176418,249.75521467432554
2024-09-16,162777.68401716457,249.75521467432554
2024-09-17,162439.6079673599,249.75521467432554
2024-09-18,161688.57270429836,249.75521467432554
2024-09-19,163685.56077192532,249.75521467432554
2024-09-20,164284.43543623196,249.75521467432554
2024-09-23,164537.58846662747,249.75521467432554
2024-09-24,165580.92037580715,249.75521467432554
2024-09-25,165204.70969770657,249.75521467432554
2024-09-26,165768.25419233547,249.75521467432554
2024-09-27,165320.75141523586,249.75521467432554
2024-09-30,165038.05923078762,249.75521467432554
2024-10-01,165150.56724165188,249.75521467432554
2024-10-02,164928.466427189,69.16505847561348
2024-10-03,164779.66812549223,69.16505847561348
2024-10-04,164408.3433726846,69.16505847561348
2024-10-07,163855.49737964262,69.16505847561348
2024-10-08,162729.8208049356,69.16505847561348
2024-10-09,161869.30351672758,69.16505847561348
2024-10-10,162985.97331653227,69.16505847561348
2024-10-11,164664.66880450834,69.16505847561348
2024-10-14,164405.23106036772,69.16505847561348
2024-10-15,164979.46834979643,69.16505847561348
2024-10-16,165770.53680072416,69.16505847561348
2024-10-17,166662.45550952543,69.16505847561348
2024-10-18,168338.56428943266,69.16505847561348
2024-10-21,168244.51173053373,69.16505847561348
2024-10-22,169963.68334613432,69.16505847561348
2024-10-23,168004.2381938516,69.16505847561348
2024-10-24,169240.90689502348,69.16505847561348
2024-10-25,169551.35198627104,69.16505847561348
2024-10-28,169546.44567523588,69.16505847561348
2024-10-29,171301.01006732573,69.16505847561348
2024-10-30,172184.80619464506,69.16505847561348
2024-10-31,169657.88542590727,69.16505847561348
2024-11-01,168964.26648364653,69.16505847561348
2024-11-04,169377.86683804134,518.4469161663583
2024-11-05,170320.26231533627,518.4469161663583
2024-11-06,170752.473344389,518.4469161663583
2024-11-07,172037.5222945843,518.4469161663583
2024-11-08,172504.36680752377,518.4469161663583
2024-11-11,172339.268266264,518.4469161663583
2024-11-12,171470.69633633236,518.4469161663583
2024-11-13,171451.3505721722,518.4469161663583
2024-11-14,171052.15980679134,518.4469161663583
2024-11-15,170355.51988369564,518.4469161663583
2024-11-18,170695.29161221127,518.4469161663583
2024-11-19,171105.18702847103,518.4469161663583
2024-11-20,170998.84492642025,518.4469161663583
2024-11-21,171239.73573452572,518.4469161663583
2024-11-22,171463.05003506283,518.4469161663583
2024-11-25,172707.85539394955,518.4469161663583
2024-11-26,172802.7114730511,518.4469161663583
2024-11-27,172942.19941860775,518.4469161663583
2024-11-29,173722.23512417416,518.4469161663583
2024-12-02,173893.31413418392,518.4469161663583
2024-12-03,173649.73818032167,38.62451760193858
2024-12-04,174404.01513497255,38.62451760193858
2024-12-05,174324.0742322626,38.62451760193858
2024-12-06,174750.2703534784,38.62451760193858
2024-12-09,174102.75454537294,38.62451760193858
2024-12-10,173796.2693998041,38.62451760193858
2024-12-11,173989.77736489198,38.62451760193858
2024-12-12,173231.64093605898,38.62451760193858
2024-12-13,172761.85404030702,38.62451760193858
2024-12-16,173135.398168725,38.62451760193858
2024-12-17,172911.7201368036,38.62451760193858
2024-12-18,170285.72678963564,38.62451760193858
2024-12-19,169952.43447701356,38.62451760193858
2024-12-20,170974.4535581293,38.62451760193858
2024-12-23,170951.1812116327,38.62451760193858
2024-12-24,171749.80200020692,38.62451760193858
2024-12-26,171832.9068051996,38.62451760193858
2024-12-27,170986.72090737245,38.62451760193858
2024-12-30,170778.04958168886,38.62451760193858
2024-12-31,170382.12930123231,38.62451760193858
2025-01-02,170291.2834684076,38.62451760193858
2025-01-03,170509.1728611731,149.4339390539535
2025-01-06,170697.11277206178,149.4339390539535
2025-01-07,170688.70298202272,149.4339390539535
2025-01-08,171377.1619969153,149.4339390539535
2025-01-10,171607.25214584108,149.4339390539535
2025-01-13,170542.7352391028,149.4339390539535
2025-01-14,171220.76358993287,149.4339390539535
2025-01-15,173100.68113143678,149.4339390539535
2025-01-16,173792.63956649537,149.4339390539535
2025-01-17,173743.75776107545,149.4339390539535
2025-01-21,176068.25119979616,149.4339390539535
2025-01-22,176999.8727818274,149.4339390539535
2025-01-23,177150.23679549928,149.4339390539535
2025-01-24,177715.44120223756,149.4339390539535
2025-01-27,175649.31666000123,149.4339390539535
2025-01-28,177164.82724960084,149.4339390539535
2025-01-29,176447.68720443483,149.4339390539535
2025-01-30,178552.22593124147,149.4339390539535
2025-01-31,178480.41648299928,149.4339390539535
2025-02-03,178734.24424178834,149.4339390539535
2025-02-04,180312.03470817467,13.526239546732313
2025-02-05,181306.81237235924,13.526239546732313
2025-02-06,181182.28882804772,13.526239546732313
2025-02-07,180867.48409477135,13.526239546732313
2025-02-10,183342.67969718835,13.526239546732313
2025-02-11,182929.992944869,13.526239546732313
2025-02-12,182872.3629399862,13.526239546732313
2025-02-13,184715.62557426354,13.526239546732313
2025-02-14,182839.86428275963,13.526239546732313
2025-02-18,185066.4527684774,13.526239546732313
2025-02-19,185274.94184318444,13.526239546732313
2025-02-20,185095.25921073815,13.526239546732313
2025-02-21,183975.9530431356,13.526239546732313
2025-02-24,184398.77875724694,13.526239546732313
2025-02-25,182441.24332633874,13.526239546732313
2025-02-26,182661.34754386803,13.526239546732313
2025-02-27,179838.47754875085,13.526239546732313
2025-02-28,179942.9982701864,13.526239546732313
2025-03-03,180559.80193534752,13.526239546732313
2025-03-04,180559.13591878949,16.584626370065962
2025-03-05,180711.8765346342,16.584626370065962
2025-03-06,179614.85762136517,16.584626370065962
2025-03-07,179787.011857205,16.584626370065962
2025-03-10,178892.14131277142,16.584626370065962
2025-03-11,177967.03540914593,16.584626370065962
2025-03-12,177994.95962637005,16.584626370065962
2025-03-13,177653.810143643,16.584626370065962
2025-03-14,178441.78176229534,16.584626370065962
2025-03-17,179029.4062663847,16.584626370065962
2025-03-18,178576.483971768,16.584626370065962
2025-03-19,179538.71657674847,16.584626370065962
2025-03-20,179432.24564474163,16.584626370065962
2025-03-21,179347.93704336224,16.584626370065962
2025-03-24,179776.1495525175,16.584626370065962
2025-03-25,180062.58383291302,16.584626370065962
2025-03-26,179127.6103603178,16.584626370065962
2025-03-27,178930.92935293255,16.584626370065962
2025-03-28,178545.8850414091,16.584626370065962
2025-03-31,179127.0093776518,16.584626370065962
2025-04-01,179672.59353750286,16.584626370065962
2025-04-02,179104.28112660832,274.6324449676904
2025-04-03,178785.95005666203,274.6324449676904
2025-04-04,176261.94657765812,274.6324449676904
2025-04-07,173124.71482716984,274.6324449676904
2025-04-08,173309.79684316105,274.6324449676904
2025-04-09,177386.37495290226,274.6324449676904
2025-04-10,179533.22122060246,274.6324449676904
2025-04-11,181607.50193654484,274.6324449676904
2025-04-14,181332.34724294132,274.6324449676904
2025-04-15,182095.6036974091,274.6324449676904
2025-04-16,186011.29366933292,274.6324449676904
2025-04-17,185343.54305898136,274.6324449676904
2025-04-21,188619.42295705265,274.6324449676904
2025-04-22,187014.87386952824,274.6324449676904
2025-04-23,184281.5601793427,274.6324449676904
2025-04-24,186362.5661455292,274.6324449676904
2025-04-25,185298.70989858097,274.6324449676904
2025-04-28,187136.13462697453,274.6324449676904
2025-04-29,186153.06719838566,274.6324449676904
2025-04-30,185225.15789662785,274.6324449676904
2025-05-01,182606.45437489933,274.6324449676904
2025-05-02,181969.54365920112,133.02452467965486
2025-05-05,187398.44541548775,133.02452467965486
2025-05-06,192644.60036086128,133.02452467965486
2025-05-07,189759.42598341987,133.02452467965486
2025-05-08,186025.86034773872,133.02452467965486
2025-05-09,187374.01185225532,133.02452467965486
2025-05-12,182097.27927016304,133.02452467965486
2025-05-13,182871.9442329316,133.02452467965486
2025-05-14,179028.71538924263,133.02452467965486
2025-05-15,181883.87952040718,133.02452467965486
2025-05-16,179687.92306136177,133.02452467965486
2025-05-19,181999.80938338325,133.02452467965486
2025-05-20,185385.17905043648,133.02452467965486
2025-05-21,186751.16637801216,133.02452467965486
2025-05-22,185098.24203108833,133.02452467965486
2025-05-23,189148.7549171357,133.02452467965486
2025-05-27,185946.57628249214,133.02452467965486
2025-05-28,185525.52356337593,133.02452467965486
2025-05-29,186623.76185988472,133.02452467965486
2025-05-30,185397.80683516548,133.02452467965486
2025-06-02,190320.35959242866,133.02452467965486
2025-06-03,188635.8131348601,200.71090097339646
2025-06-04,189849.70717782885,200.71090097339646
2025-06-05,188892.0027100554,200.71090097339646
2025-06-06,186360.50643319995,200.71090097339646
2025-06-09,187238.90792245776,200.71090097339646
2025-06-10,187293.80568857104,200.71090097339646
2025-06-11,188306.40792245776,200.71090097339646
2025-06-12,190642.71834726245,200.71090097339646
2025-06-13,193137.61611337573,200.71090097339646
2025-06-16,190386.51015634448,200.71090097339646
2025-06-17,190484.1123902312,200.71090097339646
2025-06-18,189459.31685800463,200.71090097339646
2025-06-20,189380.013879489,200.71090097339646
2025-06-23,189959.5027100554,200.71090097339646
2025-06-24,186976.6123902312,200.71090097339646
2025-06-25,187543.90792245776,200.71090097339646
2025-06-26,187336.51015634448,200.71090097339646
2025-06-27,183944.9116456023,200.71090097339646
2025-06-30,186147.0027100554,200.71090097339646
2025-07-01,187806.20345468432,200.71090097339646
2025-07-02,188843.21090097338,200.71090097339646
2025-07-03,187556.11983652026,200.71090097339646
2025-07-07,187696.40792245776,200.71090097339646
2025-07-08,185738.3131348601,200.71090097339646
2025-07-09,186567.90419931323,200.71090097339646
2025-07-10,186982.71834726245,200.71090097339646
2025-07-11,188776.11983652026,200.71090097339646
2025-07-14,188086.81685800463,200.71090097339646
2025-07-15,187306.01760263354,200.71090097339646
2025-07-16,188239.31685800463,200.71090097339646
2025-07-17,187830.60866708666,200.71090097339646
2025-07-18,188318.61983652026,200.71090097339646
2025-07-21,191210.013879489,200.71090097339646
2025-07-22,193021.7146241179,200.71090097339646
2025-07-23,190630.50643319995,200.71090097339646
2025-07-24,189465.40419931323,200.71090097339646
2025-07-25,187714.70717782885,200.71090097339646
2025-07-28,186500.8131348601,200.71090097339646
2025-07-29,187013.21090097338,200.71090097339646
2025-07-30,183786.30568857104,200.71090097339646
2025-07-31,185006.30568857104,200.71090097339646
2025-08-01,188757.8019654265,200.71090097339646
2025-08-04,190167.6682816486,165.67318734928995
2025-08-05,190093.2966462116,165.67318734928995
2025-08-06,190067.33785257145,165.67318734928995
2025-08-07,191302.6203080158,165.67318734928995
2025-08-08,191568.31649789616,165.67318734928995
2025-08-11,189313.8570252399,165.67318734928995
2025-08-12,189592.5797120075,165.67318734928995
2025-08-13,190185.46396646305,165.67318734928995
2025-08-14,189237.89284524723,165.67318734928995
2025-08-15,189231.39690408512,165.67318734928995
2025-08-18,188989.53382882877,165.67318734928995
2025-08-19,187964.65886697575,165.67318734928995
2025-08-20,189356.8561860065,165.67318734928995
2025-08-21,188680.16069040104,165.67318734928995
2025-08-22,190874.10065469547,165.67318734928995
2025-08-25,190336.1469193439,165.67318734928995
2025-08-26,191590.8075104694,165.67318734928995
2025-08-27,191986.5144043903,165.67318734928995
2025-08-28,193250.58983621403,165.67318734928995
2025-08-29,194484.1179200153,165.67318734928995
2025-09-02,197829.44969186588,165.67318734928995
2025-09-03,199348.34481510674,12.309452863089973
2025-09-04,199479.01964268243,12.309452863089973
2025-09-05,200961.60591587579,12.309452863089973
2025-09-08,202387.66848454034,12.309452863089973
2025-09-09,202134.60290226495,12.309452863089973
2025-09-10,202717.57400211846,12.309452863089973
2025-09-11,203033.99139103448,12.309452863089973
2025-09-12,203142.29086002862,12.309452863089973
2025-09-15,204517.44171604668,12.309452863089973
2025-09-16,204673.50858768975,12.309452863089973
2025-09-17,203730.78735050713,12.309452863089973
2025-09-18,203355.9816101507,12.309452863089973
2025-09-19,204646.24002537286,12.309452863089973
2025-09-22,206476.39138493096,12.309452863089973
2025-09-23,206801.3095749334,12.309452863089973
2025-09-24,205607.03957829034,12.309452863089973
2025-09-25,205780.33808598077,12.309452863089973
2025-09-26,206606.59260258233,12.309452863089973
2025-09-29,208590.55543217217,12.309452863089973
2025-09-30,209618.6926544622,12.309452863089973
2025-10-01,210082.92329868829,12.309452863089973
2025-10-02,209886.33191442385,63.906926630873386
2025-10-03,210665.4343924512,63.906926630873386
2025-10-06,212564.484319209,63.906926630873386
2025-10-07,213341.19699621096,63.906926630873386
2025-10-08,215243.79007482424,63.906926630873386
2025-10-09,213013.85898351565,63.906926630873386
2025-10-10,214558.4420523633,63.906926630873386
2025-10-13,217542.13586950197,63.906926630873386
2025-10-14,218537.63593053713,63.906926630873386
2025-10-15,220550.74475622072,63.906926630873386
2025-10-16,223773.72907018557,63.906926630873386
2025-10-17,221291.9731497754,63.906926630873386
2025-10-20,225884.2233023633,63.906926630873386
2025-10-21,217841.15878820315,63.906926630873386
2025-10-22,217853.76147985354,63.906926630873386
2025-10-23,218131.70386266604,63.906926630873386
2025-10-24,217863.47577428713,63.906926630873386
2025-10-27,214605.54678869143,63.906926630873386
2025-10-28,213829.82019567385,63.906926630873386
2025-10-29,212907.4364676465,63.906926630873386
2025-10-30,214982.0345511426,63.906926630873386
2025-10-31,214322.5033011426,63.906926630873386
2025-11-03,214416.6956839551,63.906926630873386
2025-11-04,212259.38606752452,214.3238727003045
2025-11-05,213949.01533998546,214.3238727003045
2025-11-06,213962.69768251476,214.3238727003045
2025-11-07,214917.5310565382,214.3238727003045
2025-11-10,219323.98616518077,214.3238727003045
2025-11-11,220127.87932313976,214.3238727003045
2025-11-12,222793.15977968273,214.3238727003045
2025-11-13,221266.5695392042,214.3238727003045
2025-11-14,218154.62456239757,214.3238727003045
2025-11-17,216291.05232729015,214.3238727003045
2025-11-18,217519.16377748546,214.3238727003045
2025-11-19,217765.56123842296,214.3238727003045
2025-11-20,217795.70845521984,214.3238727003045
2025-11-21,217669.4766436964,214.3238727003045
2025-11-24,220365.48830141124,214.3238727003045
2025-11-25,220434.03392519054,214.3238727003045
2025-11-26,221825.64799989757,214.3238727003045
2025-11-28,223829.70268739757,214.3238727003045
2025-12-01,224442.42650331554,214.3238727003045
2025-12-02,223288.65869976202,280.85279918828746
2025-12-03,223164.29659343878,280.85279918828746
2025-12-04,223221.2088096253,280.85279918828746
2025-12-05,222843.49096752325,280.85279918828746
2025-12-08,222295.80921245733,280.85279918828746
2025-12-09,223236.8939521424,280.85279918828746
2025-12-10,224142.3388450257,280.85279918828746
2025-12-11,226182.87003399053,280.85279918828746
2025-12-12,227147.75519634405,280.85279918828746
2025-12-15,227364.74740673223,280.85279918828746
2025-12-16,227473.43192363897,280.85279918828746
2025-12-17,229119.96849895635,280.85279918828746
2025-12-18,228842.29325176397,280.85279918828746
2025-12-19,229010.31181408087,280.85279918828746
2025-12-22,233486.29551769415,280.85279918828746
2025-12-23,236116.32611156622,280.85279918828746
2025-12-24,235367.1891486756,280.85279918828746
2025-12-26,237709.65795971075,280.85279918828746
2025-12-29,228926.59724498907,280.85279918828746
2025-12-30,229053.8968742005,280.85279918828746
2025-12-31,227704.4878165833,280.85279918828746
2026-01-02,228649.93656994024,280.85279918828746
2026-01-05,233833.8216103126,359.31140981210046
2026-01-06,236026.1331337501,359.31140981210046
2026-01-07,234100.07680593026,359.31140981210046
2026-01-08,235167.1791389991,359.31140981210046
2026-01-09,236711.55005727304,359.31140981210046
2026-01-12,240531.514397483,359.31140981210046
2026-01-13,240258.76149831308,359.31140981210046
2026-01-14,242458.658638816,359.31140981210046
2026-01-15,241118.5245979835,359.31140981210046
2026-01-16,240056.98220906747,359.31140981210046
2026-01-20,247851.3750389625,359.31140981210046
2026-01-21,251097.88761220468,359.31140981210046
2026-01-22,255172.55714498056,359.31140981210046
2026-01-23,258285.85401235116,359.31140981210046
2026-01-26,261646.33851705087,359.31140981210046
2026-01-27,267275.8821037818,359.31140981210046
2026-01-28,276419.61280141363,359.31140981210046
2026-01-29,277088.38832936774,359.31140981210046
2026-01-30,251804.7723473121,359.31140981210046
2026-02-02,242934.8850639869,359.31140981210046
2026-02-03,256413.79467360012,70.7107426308715
2026-02-04,256242.48683516018,70.7107426308715
2026-02-05,250380.0988117837,70.7107426308715
2026-02-06,257119.96469465725,70.7107426308715
2026-02-09,262867.0799900674,70.7107426308715
2026-02-10,260662.89270369045,70.7107426308715
2026-02-11,263194.0439716958,70.7107426308715
2026-02-12,255281.64734999172,70.7107426308715
2026-02-13,260944.0160862588,70.7107426308715
2026-02-17,253787.50873152248,70.7107426308715
2026-02-18,258753.6154209756,70.7107426308715
2026-02-19,259401.08559767238,70.7107426308715
2026-02-20,263890.645267167,70.7107426308715
2026-02-23,270237.1305195474,70.7107426308715
2026-02-24,266912.02382246486,70.7107426308715
2026-02-25,266313.41266218654,70.7107426308715
2026-02-26,268373.315730729,70.7107426308715
2026-02-27,271546.15788618557,70.7107426308715
2026-03-02,274519.07615248195,70.7107426308715
2026-03-03,265685.9146284455,116.67753738108877
2026-03-04,266825.8898481721,116.67753738108877
2026-03-05,265053.7660688752,116.67753738108877
2026-03-06,265599.45674270333,116.67753738108877
2026-03-09,266246.2357954377,116.67753738108877
2026-03-10,266924.33342117013,116.67753738108877
2026-03-11,266046.22584670724,116.67753738108877
2026-03-12,262762.0780500764,116.67753738108877
2026-03-13,261058.27452224438,116.67753738108877
2026-03-16,262001.2919477815,116.67753738108877
2026-03-17,262137.39714187328,116.67753738108877
2026-03-18,257826.767533719,116.67753738108877
2026-03-19,253990.96473830883,116.67753738108877
2026-03-20,249574.93611282055,116.67753738108877
2026-03-23,248677.81657546703,116.67753738108877
2026-03-24,248222.12037795727,116.67753738108877
2026-03-25,251475.87162917797,116.67753738108877
2026-03-26,246524.7389082307,116.67753738108877
2026-03-27,248395.42329543774,116.67753738108877
2026-03-30,248688.91212600414,116.67753738108877
2026-03-31,253901.56614822094,116.67753738108877
2026-04-01,255965.62587112133,116.67753738108877
2026-04-02,256033.381276158,105.01909354081727
2026-04-06,254984.4154558455,105.01909354081727
2026-04-07,257463.7776384627,105.01909354081727
2026-04-08,259084.89836600175,105.01909354081727
2026-04-09,261099.381276158,105.01909354081727
2026-04-10,260634.50200369707,105.01909354081727
2026-04-13,259579.57036307207,105.01909354081727
2026-04-14,265378.65691092366,105.01909354081727
2026-04-15,262619.1740007674,105.01909354081727
2026-04-16,262392.69109061116,105.01909354081727
2026-04-17,265879.2947283065,105.01909354081727
2026-04-20,263590.65691092366,105.01909354081727
2026-04-21,256128.7434587752,105.01909354081727
2026-04-22,259519.98491385332,105.01909354081727
2026-04-23,257004.86418631425,105.01909354081727
2026-04-24,258322.01909354082,105.01909354081727
2026-04-27,256319.46782400957,105.01909354081727
2026-04-28,251563.381276158,105.01909354081727
2026-04-29,248881.381276158,105.01909354081727
2026-04-30,252606.381276158,105.01909354081727
2026-05-01,252320.29472830644,105.01909354081727
2026-05-04,247271.01936485994,32.005250480042164
2026-05-05,249392.90568688142,32.005250480042164
2026-05-06,256956.45183708894,32.005250480042164
2026-05-07,257385.38580467927,32.005250480042164
2026-05-08,258631.21038201082,32.005250480042164
2026-05-11,259155.51637413728,32.005250480042164
2026-05-12,258130.17940666902,32.005250480042164
2026-05-13,256681.93326714265,32.005250480042164
2026-05-14,254721.0685057901,32.005250480042164
2026-05-15,248808.3458724283,32.005250480042164
2026-05-18,249487.7272811197,32.005250480042164
2026-05-19,245357.21574547517,32.005250480042164
2026-05-20,248874.00526573884,32.005250480042164
2026-05-21,248629.7217116617,32.005250480042164
2026-05-22,246740.48069908845,32.005250480042164
2026-05-26,246847.96275475252,32.005250480042164
2026-05-27,243564.0657210611,32.005250480042164
2026-05-28,246115.0825972818,32.005250480042164
2026-05-29,248707.72555687654,32.005250480042164
2026-06-01,245215.1417479776,32.005250480042164
2026-06-02,245665.0267694842,504.9368036638707
2026-06-03,243285.00644477716,504.9368036638707
2026-06-04,245262.4108332049,504.9368036638707
2026-06-05,236508.34421333185,504.9368036638707
2026-06-08,237106.21765693536,504.9368036638707
2026-06-09,233366.37836250177,504.9368036638707
2026-06-10,223980.02643379083,504.9368036638707
2026-06-11,230820.64499458185,504.9368036638707
2026-06-12,230953.10449775567,504.9368036638707
2026-06-15,236772.16531928888,504.9368036638707
2026-06-16,237389.71402534356,504.9368036638707
2026-06-17,232132.2640436541,504.9368036638707
2026-06-18,231315.49448188653,504.9368036638707
2026-06-22,229834.45081123224,504.9368036638707
2026-06-23,225612.99783882013,504.9368036638707
2026-06-24,219057.6165827166,504.9368036638707
2026-06-25,221106.90570625177,504.9368036638707
2026-06-26,223502.08432563653,504.9368036638707
2026-06-29,220627.00385078302,504.9368036638707
2026-06-30,220507.58023628106,504.9368036638707
2026-07-01,221777.946416701,504.9368036638707
2026-07-02,225820.7784924205,41.12561461288715
2026-07-06,225913.4046063121,41.12561461288715
2026-07-07,225017.83628508408,41.12561461288715
2026-07-08,224554.5866589244,41.12561461288715
2026-07-09,224956.0696682628,41.12561461288715
2026-07-10,224770.76981779892,41.12561461288715
2026-07-13,223936.96811339218,41.12561461288715
2026-07-14,224554.5866589244,41.12561461288715
2026-07-15,224925.21017119248,41.12561461288715
2026-07-16,224894.27924010117,41.12561461288715
2026-07-17,225048.6957821544,41.12561461288715
2026-07-20,224492.84385344345,41.12561461288715
2026-07-21,223998.71091887314,41.12561461288715
2026-07-22,223628.13502928574,41.12561461288715
2026-07-23,223164.88540312607,41.12561461288715
2026-07-24,223350.18525358994,41.12561461288715
2026-07-27,223813.4348797496,41.12561461288715
2026-07-28,224369.28680846054,41.12561461288715
2026-07-29,223566.36841246445,41.12561461288715
2026-07-30,223689.8778347667,41.12561461288715
2026-07-31,223103.16640898545,41.12561461288715
2026-08-03,223636.15945097763,41.12561461288715
2026-08-04,225051.65712526612,246.98730257325224
2026-08-05,225017.54954317384,246.98730257325224
2026-08-06,224421.03645113282,246.98730257325224
2026-08-07,225056.77872255616,246.98730257325224
2026-08-10,224414.3618371802,246.98730257325224
2026-08-11,224430.01773622804,246.98730257325224
2026-08-12,224712.23323610597,246.98730257325224
2026-08-13,225511.78302553468,246.98730257325224
2026-08-14,224999.02651003175,246.98730257325224
2026-08-17,224419.83021333985,246.98730257325224
2026-08-18,224284.57337740235,246.98730257325224
2026-08-19,225229.39401033692,246.98730257325224
2026-08-20,224320.7618005591,246.98730257325224
2026-08-21,224214.85729769044,246.98730257325224
2026-08-24,224444.0749795752,246.98730257325224
2026-08-25,225333.6889703589,246.98730257325224
2026-08-26,225116.30370882325,246.98730257325224
2026-08-27,225290.95380953126,246.98730257325224
2026-08-28,224615.52705934815,246.98730257325224
2026-08-31,224313.00882509522,246.98730257325224
2026-09-01,223525.85542848878,246.98730257325224
2026-09-02,224935.1324127902,155.12444770231377
2026-09-03,228339.21972358122,155.12444770231377
2026-09-04,226820.8712433566,155.12444770231377
2026-09-08,223772.17779242888,155.12444770231377
2026-09-09,224991.66217505827,155.12444770231377
2026-09-10,221804.05353248015,155.12444770231377
2026-09-11,223065.52559363737,155.12444770231377
2026-09-14,220508.56863868132,155.12444770231377
2026-09-15,220854.6692551364,155.12444770231377
2026-09-16,219712.78607642546,155.12444770231377
2026-09-17,222910.345570444,155.12444770231377
2026-09-18,223983.58922278776,155.12444770231377
2026-09-21,223519.41696631804,155.12444770231377
2026-09-22,224193.19496619597,155.12444770231377
2026-09-23,220824.84258735075,155.12444770231377
2026-09-24,220186.32154548063,155.12444770231377
2026-09-25,221144.47610938444,155.12444770231377
2026-09-28,214535.22354590788,155.12444770231377
2026-09-29,216439.855336069,155.12444770231377
2026-09-30,215513.6605805148,155.12444770231377
2026-10-01,216417.66653144255,155.12444770231377
2026-10-02,215518.60029914274,269.97279670133867
2026-10-05,215508.17782142057,269.97279670133867
